	ID	NAME	STRAND	LENGTH	MAX	MIN	RANGE
data/pwm_format/MA1138.1_FOSL2.JUNB_+.pwm	MA1138.1	FOSL2.JUNB	+	10	16.13594308416848	-71.73178852280336	87.86773160697183
data/pwm_format/MA0112.1_ESR1_+.pwm	MA0112.1	ESR1	+	18	24.78781645077708	-52.139964690467984	76.92778114124506
data/pwm_format/MA1638.1_HAND2_+.pwm	MA1638.1	HAND2	+	10	13.453236233432966	-55.94482902572765	69.39806525916062
data/pwm_format/MA0893.1_GSX2_+.pwm	MA0893.1	GSX2	+	10	11.67869596599814	-32.18505927910143	43.86375524509957
data/pwm_format/MA0475.2_FLI1_+.pwm	MA0475.2	FLI1	+	10	16.61760949371309	-86.29703966723713	102.91464916095022
data/pwm_format/MA0794.1_PROX1_+.pwm	MA0794.1	PROX1	+	12	20.44202899212543	-85.87078221755873	106.31281120968416
data/pwm_format/MA0702.2_LMX1A_+.pwm	MA0702.2	LMX1A	+	8	13.882644663545735	-84.71219537953567	98.5948400430814
data/pwm_format/MA0797.1_TGIF2_+.pwm	MA0797.1	TGIF2	+	12	22.092116176779367	-64.12605566343659	86.21817184021596
data/pwm_format/MA0744.2_SCRT2_+.pwm	MA0744.2	SCRT2	+	16	20.05358751114001	-42.86826516293823	62.92185267407824
data/pwm_format/MA0659.2_MAFG_+.pwm	MA0659.2	MAFG	+	15	20.938867885525042	-42.6932753086162	63.63214319414124
data/pwm_format/MA0663.1_MLX_+.pwm	MA0663.1	MLX	+	10	17.732410800040142	-66.01137857564115	83.74378937568129
data/pwm_format/MA0028.1_ELK1_+.pwm	MA0028.1	ELK1	+	10	12.79330824333027	-32.79049385703641	45.58380210036668
data/pwm_format/MA0509.2_RFX1_+.pwm	MA0509.2	RFX1	+	14	19.683497102642793	-44.74881333575767	64.43231043840046
data/pwm_format/MA0132.2_PDX1_+.pwm	MA0132.2	PDX1	+	8	11.853963896058577	-72.1386767100987	83.99264060615727
data/pwm_format/MA0901.2_HOXB13_+.pwm	MA0901.2	HOXB13	+	14	19.271959070239763	-45.50717254739536	64.77913161763513
data/pwm_format/MA1421.1_TCF7L1_+.pwm	MA1421.1	TCF7L1	+	12	21.45328682201155	-71.64400111767236	93.09728793968391
data/pwm_format/MA0018.3_CREB1_+.pwm	MA0018.3	CREB1	+	12	16.68990137187436	-35.108815166839285	51.79871653871365
data/pwm_format/MA0909.2_HOXD13_+.pwm	MA0909.2	HOXD13	+	11	18.04244413594976	-90.58121339197235	108.62365752792212
data/pwm_format/MA1126.1_FOS.JUN(var.2)_+.pwm	MA1126.1	FOS.JUN(var.2)	+	16	19.376018816989546	-34.64017016734303	54.01618898433257
data/pwm_format/MA0745.2_SNAI2_+.pwm	MA0745.2	SNAI2	+	13	17.23526825208871	-45.86800723068767	63.103275482776375
data/pwm_format/MA1131.1_FOSL2.JUN(var.2)_+.pwm	MA1131.1	FOSL2.JUN(var.2)	+	11	17.945945076317013	-46.60710630193891	64.55305137825593
data/pwm_format/MA0750.2_ZBTB7A_+.pwm	MA0750.2	ZBTB7A	+	13	17.319186516501567	-36.63852109168284	53.95770760818441
data/pwm_format/MA0903.1_HOXB3_+.pwm	MA0903.1	HOXB3	+	10	11.490660985287324	-53.32485401233376	64.81551499762108
data/pwm_format/MA1100.2_ASCL1_+.pwm	MA1100.2	ASCL1	+	10	13.92032219885217	-50.87312097249612	64.79344317134829
data/pwm_format/MA0723.1_VAX2_+.pwm	MA0723.1	VAX2	+	8	11.62653631769732	-27.53149464248156	39.158030960178884
data/pwm_format/MA0730.1_RARA(var.2)_+.pwm	MA0730.1	RARA(var.2)	+	17	28.17115223252264	-108.86826650417825	137.0394187367009
data/pwm_format/MA0066.1_PPARG_+.pwm	MA0066.1	PPARG	+	20	29.53431668844896	-79.56090905042682	109.09522573887577
data/pwm_format/MA1483.1_ELF2_+.pwm	MA1483.1	ELF2	+	12	19.979582158972182	-102.24954808155805	122.22913024053022
data/pwm_format/MA0814.1_TFAP2C(var.2)_+.pwm	MA0814.1	TFAP2C(var.2)	+	11	15.825029651337882	-65.76054266131034	81.58557231264822
data/pwm_format/MA0817.1_BHLHE23_+.pwm	MA0817.1	BHLHE23	+	12	18.438000268037474	-95.48709399603139	113.92509426406886
data/pwm_format/MA0819.1_CLOCK_+.pwm	MA0819.1	CLOCK	+	10	16.074804732136524	-61.211652575034925	77.28645730717145
data/pwm_format/MA1649.1_ZBTB12_+.pwm	MA1649.1	ZBTB12	+	11	14.453984677521468	-30.64395341976172	45.09793809728319
data/pwm_format/MA0893.2_GSX2_+.pwm	MA0893.2	GSX2	+	8	11.523329571367821	-72.96540934723106	84.48873891859888
data/pwm_format/MA0658.1_LHX6_+.pwm	MA0658.1	LHX6	+	10	14.814320041023096	-82.56281146099852	97.37713150202161
data/pwm_format/MA0060.1_NFYA_+.pwm	MA0060.1	NFYA	+	16	18.651074540517186	-56.67155227426852	75.3226268147857
data/pwm_format/MA0642.1_EN2_+.pwm	MA0642.1	EN2	+	10	12.855792364839072	-57.58638683649854	70.44217920133761
data/pwm_format/MA0099.3_FOS.JUN_+.pwm	MA0099.3	FOS.JUN	+	10	15.888691635337105	-49.21746388822171	65.10615552355881
data/pwm_format/MA0798.1_RFX3_+.pwm	MA0798.1	RFX3	+	16	24.348926106991662	-90.85088665488819	115.19981276187985
data/pwm_format/MA0037.3_GATA3_+.pwm	MA0037.3	GATA3	+	8	12.34513682286487	-55.9658844592885	68.31102128215338
data/pwm_format/MA0475.1_FLI1_+.pwm	MA0475.1	FLI1	+	11	17.409304152314135	-93.748526941223	111.15783109353714
data/pwm_format/MA0782.2_PKNOX1_+.pwm	MA0782.2	PKNOX1	+	15	18.857027736776732	-34.707500390029814	53.56452812680655
data/pwm_format/MA0103.3_ZEB1_+.pwm	MA0103.3	ZEB1	+	11	14.309356037205639	-53.557316132493106	67.86667216969875
data/pwm_format/MA0830.2_TCF4_+.pwm	MA0830.2	TCF4	+	13	16.275150148764475	-34.47179162089081	50.74694176965529
data/pwm_format/MA0065.1_PPARG.RXRA_+.pwm	MA0065.1	PPARG.RXRA	+	20	28.281814614535783	-82.87549286823325	111.15730748276903
data/pwm_format/MA1476.1_DLX5_+.pwm	MA1476.1	DLX5	+	8	12.217400066749246	-85.20894709878914	97.42634716553839
data/pwm_format/MA0140.2_GATA1.TAL1_+.pwm	MA0140.2	GATA1.TAL1	+	18	20.67298459410436	-91.01391998181779	111.68690457592216
data/pwm_format/MA1111.1_NR2F2_+.pwm	MA1111.1	NR2F2	+	11	15.285338979465044	-35.975457525973255	51.2607965054383
data/pwm_format/MA0070.1_PBX1_+.pwm	MA0070.1	PBX1	+	12	18.424914941650776	-43.736202982857066	62.16111792450784
data/pwm_format/MA1548.1_PLAGL2_+.pwm	MA1548.1	PLAGL2	+	10	15.435587676644236	-68.10979826902195	83.54538594566618
data/pwm_format/MA0842.2_NRL_+.pwm	MA0842.2	NRL	+	13	19.632381183482384	-97.66291658817285	117.29529777165523
data/pwm_format/MA0777.1_MYBL2_+.pwm	MA0777.1	MYBL2	+	15	22.96571722040476	-69.03748189439227	92.00319911479703
data/pwm_format/MA0706.1_MEOX2_+.pwm	MA0706.1	MEOX2	+	10	12.393225106731908	-29.275275637946006	41.668500744677914
data/pwm_format/MA1123.1_TWIST1_+.pwm	MA1123.1	TWIST1	+	13	15.985421996328297	-36.893943079049144	52.87936507537744
data/pwm_format/MA1564.1_SP9_+.pwm	MA1564.1	SP9	+	12	17.539123161345582	-56.03945198199852	73.5785751433441
data/pwm_format/MA1530.1_NKX6-3_+.pwm	MA1530.1	NKX6-3	+	9	13.484044249371943	-79.06499837738076	92.54904262675271
data/pwm_format/MA1480.1_DPRX_+.pwm	MA1480.1	DPRX	+	10	15.202720223192932	-57.32872988887992	72.53145011207285
data/pwm_format/MA1517.1_KLF6_+.pwm	MA1517.1	KLF6	+	11	15.667071637219761	-65.75718944000695	81.42426107722672
data/pwm_format/MA0042.1_FOXI1_+.pwm	MA0042.1	FOXI1	+	12	16.468018548993097	-47.215073115691325	63.683091664684426
data/pwm_format/MA0062.3_GABPA_+.pwm	MA0062.3	GABPA	+	14	18.339397118781363	-33.83864436469838	52.178041483479745
data/pwm_format/MA0625.1_NFATC3_+.pwm	MA0625.1	NFATC3	+	10	13.676857501320466	-33.26363464787818	46.94049214919865
data/pwm_format/MA0075.3_PRRX2_+.pwm	MA0075.3	PRRX2	+	8	13.07434713010616	-71.33571765680686	84.41006478691303
data/pwm_format/MA0525.1_TP63_+.pwm	MA0525.1	TP63	+	20	23.723176833825	-87.23812523811188	110.96130207193687
data/pwm_format/MA0038.2_GFI1_+.pwm	MA0038.2	GFI1	+	12	19.312512178234677	-124.30521517109072	143.6177273493254
data/pwm_format/MA1522.1_MAZ_+.pwm	MA1522.1	MAZ	+	11	16.92501352308919	-85.36447907065538	102.28949259374457
data/pwm_format/MA1594.1_ZNF382_+.pwm	MA1594.1	ZNF382	+	24	37.71663370831854	-99.66816011808322	137.38479382640176
data/pwm_format/MA0699.1_LBX2_+.pwm	MA0699.1	LBX2	+	10	12.033600958238823	-31.888193023337525	43.92179398157635
data/pwm_format/MA1599.1_ZNF682_+.pwm	MA1599.1	ZNF682	+	16	22.174351221400666	-45.72868225527267	67.90303347667334
data/pwm_format/MA0157.2_FOXO3_+.pwm	MA0157.2	FOXO3	+	8	14.86010091717856	-66.89964586539692	81.75974678257548
data/pwm_format/MA1148.1_PPARA.RXRA_+.pwm	MA1148.1	PPARA.RXRA	+	18	23.165402023174977	-46.86575986469955	70.03116188787453
data/pwm_format/MA0107.1_RELA_+.pwm	MA0107.1	RELA	+	10	16.87838999057648	-42.960926016055225	59.839316006631705
data/pwm_format/MA1140.1_JUNB(var.2)_+.pwm	MA1140.1	JUNB(var.2)	+	10	15.37401628359865	-28.173769870465982	43.54778615406463
data/pwm_format/MA0090.3_TEAD1_+.pwm	MA0090.3	TEAD1	+	13	17.628483150116374	-39.31434437133132	56.9428275214477
data/pwm_format/MA0673.1_NKX2-8_+.pwm	MA0673.1	NKX2-8	+	9	12.768294930317353	-77.56414285184066	90.33243778215801
data/pwm_format/MA0148.2_FOXA1_+.pwm	MA0148.2	FOXA1	+	11	16.68988341296951	-55.96772385455279	72.6576072675223
data/pwm_format/MA0074.1_RXRA.VDR_+.pwm	MA0074.1	RXRA.VDR	+	15	23.166675186920326	-52.863880913814754	76.03055610073508
data/pwm_format/MA1558.1_SNAI1_+.pwm	MA1558.1	SNAI1	+	10	14.154662896672544	-60.53320459839266	74.6878674950652
data/pwm_format/MA1647.1_PRDM4_+.pwm	MA1647.1	PRDM4	+	11	14.73501642634838	-30.713743331066773	45.448759757415154
data/pwm_format/MA0864.1_E2F2_+.pwm	MA0864.1	E2F2	+	16	28.35370555519809	-88.11186086289375	116.46556641809184
data/pwm_format/MA1101.1_BACH2_+.pwm	MA1101.1	BACH2	+	14	20.343703579280298	-45.18100744580235	65.52471102508265
data/pwm_format/MA0095.1_YY1_+.pwm	MA0095.1	YY1	+	6	9.29172068725293	-20.269438085077237	29.561158772330167
data/pwm_format/MA0528.2_ZNF263_+.pwm	MA0528.2	ZNF263	+	12	16.915854586574703	-34.756098976465566	51.67195356304027
data/pwm_format/MA0782.1_PKNOX1_+.pwm	MA0782.1	PKNOX1	+	12	22.71274776804117	-109.76378141019575	132.47652917823692
data/pwm_format/MA0018.2_CREB1_+.pwm	MA0018.2	CREB1	+	8	13.02321413389835	-28.476181894173568	41.499396028071914
data/pwm_format/MA1120.1_SOX13_+.pwm	MA1120.1	SOX13	+	11	13.993920921784895	-31.762130965308934	45.75605188709383
data/pwm_format/MA0470.2_E2F4_+.pwm	MA0470.2	E2F4	+	14	21.33966252518288	-81.51112899557859	102.85079152076148
data/pwm_format/MA0637.1_CENPB_+.pwm	MA0637.1	CENPB	+	15	20.536158403765203	-85.57756835883666	106.11372676260186
data/pwm_format/MA0905.1_HOXC10_+.pwm	MA0905.1	HOXC10	+	10	14.884588902273101	-66.07666171030857	80.96125061258167
data/pwm_format/MA0878.1_CDX1_+.pwm	MA0878.1	CDX1	+	9	13.45818001221353	-45.30590584026947	58.764085852483
data/pwm_format/MA0481.1_FOXP1_+.pwm	MA0481.1	FOXP1	+	15	20.72845371754385	-71.16580138547546	91.8942551030193
data/pwm_format/MA0873.1_HOXD12_+.pwm	MA0873.1	HOXD12	+	11	17.76173717489867	-86.6960010365524	104.45773821145107
data/pwm_format/MA0595.1_SREBF1_+.pwm	MA0595.1	SREBF1	+	10	16.101262627048104	-59.41176094764245	75.51302357469055
data/pwm_format/MA0645.1_ETV6_+.pwm	MA0645.1	ETV6	+	10	15.999222956261724	-71.76501095854667	87.76423391480839
data/pwm_format/MA1570.1_TFAP4(var.2)_+.pwm	MA1570.1	TFAP4(var.2)	+	10	14.105276152799451	-73.8025817543036	87.90785790710305
data/pwm_format/MA1103.2_FOXK2_+.pwm	MA1103.2	FOXK2	+	11	14.544299816267959	-28.894804499740857	43.439104316008816
data/pwm_format/MA1544.1_OVOL1_+.pwm	MA1544.1	OVOL1	+	14	19.10188872056139	-112.30076456097575	131.40265328153714
data/pwm_format/MA0793.1_POU6F2_+.pwm	MA0793.1	POU6F2	+	10	15.576672458938862	-56.80278045516242	72.37945291410128
data/pwm_format/MA1513.1_KLF15_+.pwm	MA1513.1	KLF15	+	11	17.971497889093406	-82.13307462690561	100.10457251599902
data/pwm_format/MA0726.1_VSX2_+.pwm	MA0726.1	VSX2	+	8	12.641470566489637	-28.362259383825233	41.00372995031487
data/pwm_format/MA0469.3_E2F3_+.pwm	MA0469.3	E2F3	+	16	26.637254397827334	-133.43533030612693	160.07258470395425
data/pwm_format/MA0907.1_HOXC13_+.pwm	MA0907.1	HOXC13	+	11	17.68735652250555	-63.51376582903591	81.20112235154146
data/pwm_format/MA0501.1_MAF.NFE2_+.pwm	MA0501.1	MAF.NFE2	+	15	23.55299356740178	-88.42354725857737	111.97654082597916
data/pwm_format/MA1515.1_KLF2_+.pwm	MA1515.1	KLF2	+	11	15.002573195017188	-51.408298222120756	66.41087141713794
data/pwm_format/MA1560.1_SOHLH2_+.pwm	MA1560.1	SOHLH2	+	10	15.320108832483932	-56.45246852433681	71.77257735682073
data/pwm_format/MA0060.2_NFYA_+.pwm	MA0060.2	NFYA	+	18	25.098166256668126	-82.7821948458511	107.88036110251922
data/pwm_format/MA0502.1_NFYB_+.pwm	MA0502.1	NFYB	+	15	19.93320132963299	-93.03524430587355	112.96844563550654
data/pwm_format/MA0035.4_GATA1_+.pwm	MA0035.4	GATA1	+	11	14.763346696410586	-32.38863280450336	47.151979500913946
data/pwm_format/MA1113.1_PBX2_+.pwm	MA1113.1	PBX2	+	12	17.429950559069244	-35.859094038520745	53.28904459758999
data/pwm_format/MA0878.2_CDX1_+.pwm	MA0878.2	CDX1	+	11	18.001292145954427	-120.99180233559503	138.99309448154946
data/pwm_format/MA0678.1_OLIG2_+.pwm	MA0678.1	OLIG2	+	10	16.40001712315528	-72.09391752661303	88.4939346497683
data/pwm_format/MA1559.1_SNAI3_+.pwm	MA1559.1	SNAI3	+	10	16.53118754875719	-89.21643975032732	105.74762729908451
data/pwm_format/MA0017.2_NR2F1_+.pwm	MA0017.2	NR2F1	+	13	18.019408627543136	-92.82875824514586	110.848166872689
data/pwm_format/MA0809.2_TEAD4_+.pwm	MA0809.2	TEAD4	+	12	16.252148559072022	-36.62772594324195	52.87987450231397
data/pwm_format/MA0596.1_SREBF2_+.pwm	MA0596.1	SREBF2	+	10	16.44260029499781	-52.0898048425329	68.5324051375307
data/pwm_format/MA1145.1_FOSL2.JUND(var.2)_+.pwm	MA1145.1	FOSL2.JUND(var.2)	+	15	19.618157073157253	-46.75740277681366	66.37555984997091
data/pwm_format/MA0772.1_IRF7_+.pwm	MA0772.1	IRF7	+	14	22.15118185813418	-75.82462682054015	97.97580867867433
data/pwm_format/MA0868.2_SOX8_+.pwm	MA0868.2	SOX8	+	10	14.85543530707495	-52.717449627243624	67.57288493431858
data/pwm_format/MA0028.2_ELK1_+.pwm	MA0028.2	ELK1	+	10	17.412417541780016	-71.23839285265204	88.65081039443206
data/pwm_format/MA0148.1_FOXA1_+.pwm	MA0148.1	FOXA1	+	11	16.658845276370677	-54.00821509184239	70.66706036821307
data/pwm_format/MA1099.2_HES1_+.pwm	MA1099.2	HES1	+	10	14.52356040893984	-93.82769986374217	108.35126027268201
data/pwm_format/MA0847.1_FOXD2_+.pwm	MA0847.1	FOXD2	+	7	11.793524835209759	-65.60403976909461	77.39756460430436
data/pwm_format/MA0708.1_MSX2_+.pwm	MA0708.1	MSX2	+	8	12.738535423891754	-50.4197915100398	63.158326933931555
data/pwm_format/MA0871.2_TFEC_+.pwm	MA0871.2	TFEC	+	11	17.10204559040409	-94.1064095991295	111.2084551895336
data/pwm_format/MA0496.3_MAFK_+.pwm	MA0496.3	MAFK	+	15	20.487693132130154	-34.67144393963048	55.15913707176063
data/pwm_format/MA1150.1_RORB_+.pwm	MA1150.1	RORB	+	11	15.056133982957807	-34.53851387864809	49.59464786160589
data/pwm_format/MA1109.1_NEUROD1_+.pwm	MA1109.1	NEUROD1	+	13	16.644379079708518	-42.231867579003165	58.87624665871168
data/pwm_format/MA0792.1_POU5F1B_+.pwm	MA0792.1	POU5F1B	+	9	15.101382635836929	-38.62734804083045	53.728730676667375
data/pwm_format/MA1487.1_FOXE1_+.pwm	MA1487.1	FOXE1	+	15	21.76930417321811	-106.55185294453062	128.32115711774873
data/pwm_format/MA0702.1_LMX1A_+.pwm	MA0702.1	LMX1A	+	8	12.488151546758871	-26.21773339952706	38.705884946285934
data/pwm_format/MA0522.3_TCF3_+.pwm	MA0522.3	TCF3	+	11	14.229742553045073	-32.696486488932315	46.926229041977386
data/pwm_format/MA0156.1_FEV_+.pwm	MA0156.1	FEV	+	8	13.45716707432766	-30.2832331535042	43.740400227831856
data/pwm_format/MA0635.1_BARHL2_+.pwm	MA0635.1	BARHL2	+	10	12.602716047603305	-70.7907725832483	83.3934886308516
data/pwm_format/MA0502.2_NFYB_+.pwm	MA0502.2	NFYB	+	12	17.81454456829543	-40.63979695249822	58.454341520793655
data/pwm_format/MA1134.1_FOS.JUNB_+.pwm	MA1134.1	FOS.JUNB	+	12	17.017954345943696	-59.190906571696544	76.20886091764024
data/pwm_format/MA0755.1_CUX2_+.pwm	MA0755.1	CUX2	+	10	15.938838183273692	-44.597586392300855	60.53642457557454
data/pwm_format/MA0908.1_HOXD11_+.pwm	MA0908.1	HOXD11	+	10	15.96396627843251	-69.94730022425767	85.91126650269018
data/pwm_format/MA0526.3_USF2_+.pwm	MA0526.3	USF2	+	14	18.79305184858758	-42.01795666620575	60.81100851479333
data/pwm_format/MA1587.1_ZNF135_+.pwm	MA1587.1	ZNF135	+	14	23.157502800165226	-69.16670745644812	92.32421025661336
data/pwm_format/MA1528.1_NFIX(var.2)_+.pwm	MA1528.1	NFIX(var.2)	+	17	22.44939731893692	-106.70428237998594	129.15367969892287
data/pwm_format/MA0506.1_NRF1_+.pwm	MA0506.1	NRF1	+	11	18.210490070327957	-126.85526842989482	145.06575850022278
data/pwm_format/MA0803.1_TBX15_+.pwm	MA0803.1	TBX15	+	8	15.362811586723321	-58.58728139191058	73.9500929786339
data/pwm_format/MA0510.1_RFX5_+.pwm	MA0510.1	RFX5	+	15	20.003923825816457	-126.42572977969809	146.42965360551455
data/pwm_format/MA0613.1_FOXG1_+.pwm	MA0613.1	FOXG1	+	8	14.280505498407246	-60.75531720715885	75.0358227055661
data/pwm_format/MA0638.1_CREB3_+.pwm	MA0638.1	CREB3	+	14	21.033801272109528	-70.082063229138	91.11586450124753
data/pwm_format/MA0090.1_TEAD1_+.pwm	MA0090.1	TEAD1	+	12	18.028519306597392	-41.95560588064154	59.98412518723893
data/pwm_format/MA0674.1_NKX6-1_+.pwm	MA0674.1	NKX6-1	+	8	12.256692699064295	-59.197089409544944	71.45378210860923
data/pwm_format/MA0592.3_ESRRA_+.pwm	MA0592.3	ESRRA	+	13	18.32630388941926	-38.79709614684042	57.12340003625968
data/pwm_format/MA0902.2_HOXB2_+.pwm	MA0902.2	HOXB2	+	8	11.829577864782118	-81.92389511872963	93.75347298351176
data/pwm_format/MA0707.1_MNX1_+.pwm	MA0707.1	MNX1	+	10	12.986409463379328	-54.04815181806411	67.03456128144344
data/pwm_format/MA0047.3_FOXA2_+.pwm	MA0047.3	FOXA2	+	11	15.250249717089428	-35.344177449638934	50.594427166728366
data/pwm_format/MA0156.2_FEV_+.pwm	MA0156.2	FEV	+	10	15.708614921014405	-64.09399038613027	79.80260530714467
data/pwm_format/MA1478.1_DMRTA2_+.pwm	MA1478.1	DMRTA2	+	12	15.917278061683588	-49.08215268948711	64.99943075117069
data/pwm_format/MA0057.1_MZF1(var.2)_+.pwm	MA0057.1	MZF1(var.2)	+	10	13.406909314258812	-35.29381760770798	48.70072692196679
data/pwm_format/MA0477.1_FOSL1_+.pwm	MA0477.1	FOSL1	+	11	16.823347341746018	-101.79363964426688	118.61698698601289
data/pwm_format/MA0734.1_GLI2_+.pwm	MA0734.1	GLI2	+	12	19.55696430814747	-50.8317630682065	70.38872737635397
data/pwm_format/MA0051.1_IRF2_+.pwm	MA0051.1	IRF2	+	18	25.24834062247912	-60.78568087919922	86.03402150167834
data/pwm_format/MA1112.2_NR4A1_+.pwm	MA1112.2	NR4A1	+	12	15.968098638023033	-40.3737207715028	56.34181940952584
data/pwm_format/MA0632.2_TCFL5_+.pwm	MA0632.2	TCFL5	+	10	15.979090679119476	-110.00852866894557	125.98761934806505
data/pwm_format/MA0773.1_MEF2D_+.pwm	MA0773.1	MEF2D	+	12	20.22080972414099	-126.13064496156284	146.35145468570383
data/pwm_format/MA0496.1_MAFK_+.pwm	MA0496.1	MAFK	+	15	19.927647874473426	-115.3493463357574	135.27699421023084
data/pwm_format/MA1107.2_KLF9_+.pwm	MA1107.2	KLF9	+	16	21.84704966571361	-43.99681633451748	65.84386600023109
data/pwm_format/MA1471.1_BARX2_+.pwm	MA1471.1	BARX2	+	12	15.626508738137577	-74.14573085500108	89.77223959313865
data/pwm_format/MA1555.1_RXRB(var.2)_+.pwm	MA1555.1	RXRB(var.2)	+	14	21.93451093232286	-67.77241370806408	89.70692464038694
data/pwm_format/MA0910.2_HOXD8_+.pwm	MA0910.2	HOXD8	+	8	12.338431181686868	-76.20514438450662	88.5435755661935
data/pwm_format/MA0790.1_POU4F1_+.pwm	MA0790.1	POU4F1	+	14	20.934364044756407	-44.940211454670816	65.87457549942722
data/pwm_format/MA1575.1_THRB(var.2)_+.pwm	MA1575.1	THRB(var.2)	+	19	25.70507725154941	-106.32123850021772	132.02631575176713
data/pwm_format/MA0884.1_DUXA_+.pwm	MA0884.1	DUXA	+	13	17.958505352581476	-56.77674349675059	74.73524884933207
data/pwm_format/MA0160.1_NR4A2_+.pwm	MA0160.1	NR4A2	+	8	13.00404464351525	-30.88880660660888	43.89285125012413
data/pwm_format/MA0465.2_CDX2_+.pwm	MA0465.2	CDX2	+	12	16.825056908071453	-35.141433848174735	51.96649075624619
data/pwm_format/MA0672.1_NKX2-3_+.pwm	MA0672.1	NKX2-3	+	10	14.290379110113953	-73.84345788636536	88.13383699647932
data/pwm_format/MA0749.1_ZBED1_+.pwm	MA0749.1	ZBED1	+	13	22.71469961155242	-113.72988935155188	136.4445889631043
data/pwm_format/MA0743.1_SCRT1_+.pwm	MA0743.1	SCRT1	+	15	22.671786454049517	-92.00819681807829	114.6799832721278
data/pwm_format/MA1468.1_ATOH7_+.pwm	MA1468.1	ATOH7	+	10	14.92260522517778	-69.19070127186512	84.1133064970429
data/pwm_format/MA0756.1_ONECUT2_+.pwm	MA0756.1	ONECUT2	+	14	21.569611113655593	-77.97729854557898	99.54690965923457
data/pwm_format/MA0490.2_JUNB_+.pwm	MA0490.2	JUNB	+	13	17.099275993895006	-40.74584665293457	57.84512264682957
data/pwm_format/MA0137.3_STAT1_+.pwm	MA0137.3	STAT1	+	11	17.70257572770648	-107.01165939853071	124.71423512623718
data/pwm_format/MA0644.1_ESX1_+.pwm	MA0644.1	ESX1	+	10	12.03493461870669	-30.991934214334595	43.026868833041284
data/pwm_format/MA0775.1_MEIS3_+.pwm	MA0775.1	MEIS3	+	8	12.318054805159157	-45.12058882330754	57.4386436284667
data/pwm_format/MA0802.1_TBR1_+.pwm	MA0802.1	TBR1	+	10	17.17353429078334	-56.32019026170581	73.49372455248916
data/pwm_format/MA1129.1_FOSL1.JUN(var.2)_+.pwm	MA1129.1	FOSL1.JUN(var.2)	+	10	16.26797421801617	-32.55878186910099	48.82675608711716
data/pwm_format/MA0113.1_NR3C1_+.pwm	MA0113.1	NR3C1	+	18	21.469413038822033	-57.3098896919103	78.77930273073233
data/pwm_format/MA0492.1_JUND(var.2)_+.pwm	MA0492.1	JUND(var.2)	+	15	19.873325664676976	-149.01368051849744	168.8870061831744
data/pwm_format/MA0890.1_GBX2_+.pwm	MA0890.1	GBX2	+	10	13.16840815922645	-49.46023781134423	62.62864597057068
data/pwm_format/MA1154.1_ZNF282_+.pwm	MA1154.1	ZNF282	+	17	27.00315372678475	-96.92284669734234	123.92600042412708
data/pwm_format/MA1470.1_BACH2(var.2)_+.pwm	MA1470.1	BACH2(var.2)	+	20	29.94820178740858	-121.73717194193604	151.68537372934463
data/pwm_format/MA0809.1_TEAD4_+.pwm	MA0809.1	TEAD4	+	10	13.3294646221077	-54.484072052925264	67.81353667503296
data/pwm_format/MA0153.1_HNF1B_+.pwm	MA0153.1	HNF1B	+	12	19.103572815759122	-43.376518129382525	62.48009094514165
data/pwm_format/MA0813.1_TFAP2B(var.3)_+.pwm	MA0813.1	TFAP2B(var.3)	+	13	19.140330550051438	-83.36228169801053	102.50261224806198
data/pwm_format/MA0088.2_ZNF143_+.pwm	MA0088.2	ZNF143	+	16	26.2421960981468	-137.9522355261977	164.1944316243445
data/pwm_format/MA1636.1_CEBPG(var.2)_+.pwm	MA1636.1	CEBPG(var.2)	+	15	20.201870591484404	-50.178717827074124	70.38058841855853
data/pwm_format/MA0652.1_IRF8_+.pwm	MA0652.1	IRF8	+	14	25.144185241410167	-146.92139596226173	172.06558120367188
data/pwm_format/MA0786.1_POU3F1_+.pwm	MA0786.1	POU3F1	+	12	17.895606787475703	-46.694642779843015	64.59024956731872
data/pwm_format/MA0084.1_SRY_+.pwm	MA0084.1	SRY	+	9	12.765896221399066	-33.8288852948397	46.59478151623877
data/pwm_format/MA0648.1_GSC_+.pwm	MA0648.1	GSC	+	10	13.605349531502766	-52.565059204453114	66.17040873595587
data/pwm_format/MA0594.2_HOXA9_+.pwm	MA0594.2	HOXA9	+	10	11.863784804168779	-43.8165549828344	55.68033978700318
data/pwm_format/MA0471.1_E2F6_+.pwm	MA0471.1	E2F6	+	11	16.378526324316237	-99.94270963306323	116.32123595737947
data/pwm_format/MA1113.2_PBX2_+.pwm	MA1113.2	PBX2	+	13	17.766992676060443	-37.71232355098258	55.47931622704303
data/pwm_format/MA0667.1_MYF6_+.pwm	MA0667.1	MYF6	+	10	17.7724699999258	-72.65644163115091	90.42891163107672
data/pwm_format/MA0131.1_HINFP_+.pwm	MA0131.1	HINFP	+	10	16.18643693928549	-40.96000306205245	57.146440001337936
data/pwm_format/MA0763.1_ETV3_+.pwm	MA0763.1	ETV3	+	10	16.47618668980383	-63.060663507241294	79.53685019704513
data/pwm_format/MA0079.3_SP1_+.pwm	MA0079.3	SP1	+	11	17.505648698072527	-123.82284268736949	141.32849138544202
data/pwm_format/MA1110.1_NR1H4_+.pwm	MA1110.1	NR1H4	+	11	15.68330482510292	-34.739970279894514	50.42327510499744
data/pwm_format/MA0836.2_CEBPD_+.pwm	MA0836.2	CEBPD	+	13	17.52453298095061	-40.01019361985348	57.53472660080409
data/pwm_format/MA0804.1_TBX19_+.pwm	MA0804.1	TBX19	+	20	28.54609181308551	-72.6952173623054	101.24130917539091
data/pwm_format/MA0698.1_ZBTB18_+.pwm	MA0698.1	ZBTB18	+	13	19.3419572505843	-75.79479881638873	95.13675606697304
data/pwm_format/MA1419.1_IRF4_+.pwm	MA1419.1	IRF4	+	15	26.54880442605935	-122.8678258065443	149.41663023260367
data/pwm_format/MA1114.1_PBX3_+.pwm	MA1114.1	PBX3	+	17	20.847906326774623	-37.02916893974768	57.8770752665223
data/pwm_format/MA0687.1_SPIC_+.pwm	MA0687.1	SPIC	+	14	20.792891772891558	-70.84305717925257	91.63594895214413
data/pwm_format/MA1553.1_RARG(var.3)_+.pwm	MA1553.1	RARG(var.3)	+	14	22.87919682936943	-62.53797407893873	85.41717090830817
data/pwm_format/MA0102.3_CEBPA_+.pwm	MA0102.3	CEBPA	+	11	16.94291940801993	-132.03507772538967	148.9779971334096
data/pwm_format/MA0598.1_EHF_+.pwm	MA0598.1	EHF	+	8	14.029703452096802	-86.4120502930912	100.441753745188
data/pwm_format/MA0761.2_ETV1_+.pwm	MA0761.2	ETV1	+	14	18.032961107316332	-36.37524390151402	54.40820500883035
data/pwm_format/MA1561.1_SOX12_+.pwm	MA1561.1	SOX12	+	11	18.14365968324308	-54.43998369623889	72.58364337948197
data/pwm_format/MA0479.1_FOXH1_+.pwm	MA0479.1	FOXH1	+	11	16.26611073045478	-109.43279254371865	125.69890327417343
data/pwm_format/MA1102.2_CTCFL_+.pwm	MA1102.2	CTCFL	+	12	17.6570248679539	-42.77986156912079	60.43688643707469
data/pwm_format/MA0748.1_YY2_+.pwm	MA0748.1	YY2	+	11	16.459376230186418	-47.47970000855048	63.9390762387369
data/pwm_format/MA0770.1_HSF2_+.pwm	MA0770.1	HSF2	+	13	21.800257602186893	-90.64487036746081	112.4451279696477
data/pwm_format/MA1128.1_FOSL1.JUN_+.pwm	MA1128.1	FOSL1.JUN	+	13	16.898786152672518	-51.35970391525816	68.25849006793068
data/pwm_format/MA0759.1_ELK3_+.pwm	MA0759.1	ELK3	+	10	16.15013032335173	-57.92063389653152	74.07076421988324
data/pwm_format/MA0639.1_DBP_+.pwm	MA0639.1	DBP	+	12	16.853333304321676	-90.01214669350664	106.86547999782832
data/pwm_format/MA0009.2_TBXT_+.pwm	MA0009.2	TBXT	+	16	26.221110435079602	-96.9766565532338	123.19776698831339
data/pwm_format/MA0036.3_GATA2_+.pwm	MA0036.3	GATA2	+	11	14.52861716125494	-38.58654058749333	53.115157748748274
data/pwm_format/MA1505.1_HOXC8_+.pwm	MA1505.1	HOXC8	+	8	11.277676951193696	-68.84073547634466	80.11841242753836
data/pwm_format/MA0712.1_OTX2_+.pwm	MA0712.1	OTX2	+	8	12.40291012231702	-54.219682809118055	66.62259293143508
data/pwm_format/MA0155.1_INSM1_+.pwm	MA0155.1	INSM1	+	12	18.649997944800614	-59.450355724642435	78.10035366944305
data/pwm_format/MA0516.2_SP2_+.pwm	MA0516.2	SP2	+	17	26.199389049195744	-93.20976993785754	119.40915898705329
data/pwm_format/MA0007.2_AR_+.pwm	MA0007.2	AR	+	15	19.265905929780377	-97.85682369668521	117.12272962646558
data/pwm_format/MA0722.1_VAX1_+.pwm	MA0722.1	VAX1	+	8	11.354877371843806	-25.50897262475754	36.863849996601346
data/pwm_format/MA0719.1_RHOXF1_+.pwm	MA0719.1	RHOXF1	+	8	10.210375882266082	-84.16623338612368	94.37660926838976
data/pwm_format/MA0764.1_ETV4_+.pwm	MA0764.1	ETV4	+	10	15.268409292721671	-57.152439607204414	72.42084889992609
data/pwm_format/MA0831.1_TFE3_+.pwm	MA0831.1	TFE3	+	10	14.513498387272898	-67.58599947681327	82.09949786408617
data/pwm_format/MA0474.2_ERG_+.pwm	MA0474.2	ERG	+	10	15.690754827741403	-68.86656579798262	84.55732062572402
data/pwm_format/MA0891.1_GSC2_+.pwm	MA0891.1	GSC2	+	10	12.807645195293789	-46.08240318582115	58.89004838111494
data/pwm_format/MA0780.1_PAX3_+.pwm	MA0780.1	PAX3	+	10	18.00652894056704	-69.03444102274153	87.04096996330857
data/pwm_format/MA0647.1_GRHL1_+.pwm	MA0647.1	GRHL1	+	12	19.44220348575029	-69.27371177149128	88.71591525724156
data/pwm_format/MA0634.1_ALX3_+.pwm	MA0634.1	ALX3	+	10	12.449806632152185	-28.053670475890264	40.503477108042446
data/pwm_format/MA0081.1_SPIB_+.pwm	MA0081.1	SPIB	+	7	11.234894974855782	-34.80115028720196	46.03604526205775
data/pwm_format/MA0060.3_NFYA_+.pwm	MA0060.3	NFYA	+	11	16.42439322566311	-43.869175068752064	60.293568294415174
data/pwm_format/MA0484.2_HNF4G_+.pwm	MA0484.2	HNF4G	+	13	17.733732395025907	-34.78037310724039	52.514105502266304
data/pwm_format/MA1567.1_TBX6_+.pwm	MA1567.1	TBX6	+	10	13.884616303962872	-54.61145114754054	68.49606745150342
data/pwm_format/MA0098.3_ETS1_+.pwm	MA0098.3	ETS1	+	10	15.943920850209343	-70.61545882389262	86.55937967410196
data/pwm_format/MA0163.1_PLAG1_+.pwm	MA0163.1	PLAG1	+	14	23.480585871328827	-61.17928142276577	84.6598672940946
data/pwm_format/MA0872.1_TFAP2A(var.3)_+.pwm	MA0872.1	TFAP2A(var.3)	+	13	19.15920628261564	-80.63195314867082	99.79115943128646
data/pwm_format/MA1132.1_JUN.JUNB_+.pwm	MA1132.1	JUN.JUNB	+	10	15.0396634363671	-34.06412444905864	49.10378788542574
data/pwm_format/MA0099.2_FOS.JUN_+.pwm	MA0099.2	FOS.JUN	+	7	11.800182282682629	-31.882121961743476	43.682304244426106
data/pwm_format/MA0899.1_HOXA10_+.pwm	MA0899.1	HOXA10	+	11	14.735800907955555	-42.474742977957156	57.21054388591271
data/pwm_format/MA0779.1_PAX1_+.pwm	MA0779.1	PAX1	+	17	26.230426723380386	-147.114010883147	173.34443760652738
data/pwm_format/MA0122.2_NKX3-2_+.pwm	MA0122.2	NKX3-2	+	9	14.04804289090154	-45.47221824527744	59.52026113617898
data/pwm_format/MA1467.1_ATOH1(var.2)_+.pwm	MA1467.1	ATOH1(var.2)	+	10	17.47049379153418	-100.95773420221143	118.42822799374561
data/pwm_format/MA0650.2_HOXA13_+.pwm	MA0650.2	HOXA13	+	11	18.34503432944619	-91.29726927189917	109.64230360134536
data/pwm_format/MA0717.1_RAX2_+.pwm	MA0717.1	RAX2	+	8	10.966793890342242	-24.282597188568715	35.24939107891096
data/pwm_format/MA0842.1_NRL_+.pwm	MA0842.1	NRL	+	11	13.98028677476815	-46.81052472884072	60.790811503608865
data/pwm_format/MA0741.1_KLF16_+.pwm	MA0741.1	KLF16	+	11	17.927804459181992	-66.4689940557344	84.39679851491638
data/pwm_format/MA0684.2_RUNX3_+.pwm	MA0684.2	RUNX3	+	12	14.947895283793315	-31.09997141531547	46.04786669910878
data/pwm_format/MA0712.2_OTX2_+.pwm	MA0712.2	OTX2	+	12	14.805586285132412	-36.302594204182505	51.10818048931492
data/pwm_format/MA1472.1_BHLHA15(var.2)_+.pwm	MA1472.1	BHLHA15(var.2)	+	10	13.957596861833371	-50.59954537706446	64.55714223889782
data/pwm_format/MA1497.1_HOXA6_+.pwm	MA1497.1	HOXA6	+	10	12.23386919842421	-37.63977470289048	49.873643901314686
data/pwm_format/MA0052.3_MEF2A_+.pwm	MA0052.3	MEF2A	+	12	20.120651121668416	-99.12247222319053	119.24312334485894
data/pwm_format/MA0528.1_ZNF263_+.pwm	MA0528.1	ZNF263	+	21	28.380776484209424	-128.59381044309066	156.9745869273001
data/pwm_format/MA0507.1_POU2F2_+.pwm	MA0507.1	POU2F2	+	13	19.260775690649776	-97.62440862794546	116.88518431859524
data/pwm_format/MA0841.1_NFE2_+.pwm	MA0841.1	NFE2	+	11	18.98829334080571	-121.13873401523703	140.12702735604273
data/pwm_format/MA1511.1_KLF10_+.pwm	MA1511.1	KLF10	+	11	17.78073191022782	-89.18189602199024	106.96262793221806
data/pwm_format/MA0694.1_ZBTB7B_+.pwm	MA0694.1	ZBTB7B	+	12	19.06883250227096	-78.23042595631061	97.29925845858158
data/pwm_format/MA0043.2_HLF_+.pwm	MA0043.2	HLF	+	12	16.109920673694432	-72.75760674588899	88.86752741958342
data/pwm_format/MA0620.3_MITF_+.pwm	MA0620.3	MITF	+	18	19.585323180540975	-49.06287895710472	68.6482021376457
data/pwm_format/MA0800.1_EOMES_+.pwm	MA0800.1	EOMES	+	13	18.533875255473255	-50.25311636939992	68.78699162487317
data/pwm_format/MA0821.1_HES5_+.pwm	MA0821.1	HES5	+	12	20.807211411695526	-112.67006746526063	133.47727887695615
data/pwm_format/MA0721.1_UNCX_+.pwm	MA0721.1	UNCX	+	8	10.97461211334558	-23.890905786396356	34.86551789974194
data/pwm_format/MA0774.1_MEIS2_+.pwm	MA0774.1	MEIS2	+	8	13.578515348036838	-51.70640320274927	65.2849185507861
data/pwm_format/MA0068.2_PAX4_+.pwm	MA0068.2	PAX4	+	8	13.125297619358271	-38.54823952192069	51.67353714127896
data/pwm_format/MA0488.1_JUN_+.pwm	MA0488.1	JUN	+	13	19.570857579805732	-139.99591819914792	159.56677577895366
data/pwm_format/MA0711.1_OTX1_+.pwm	MA0711.1	OTX1	+	8	12.390472375281176	-69.74947849378336	82.13995086906453
data/pwm_format/MA1536.1_NR2C2(var.2)_+.pwm	MA1536.1	NR2C2(var.2)	+	8	10.27041380997797	-89.54939688634398	99.81981069632195
data/pwm_format/MA1140.2_JUNB(var.2)_+.pwm	MA1140.2	JUNB(var.2)	+	12	21.251770363157192	-72.75764551681016	94.00941587996735
data/pwm_format/MA1583.1_ZFP57_+.pwm	MA1583.1	ZFP57	+	13	15.444557456807065	-45.83816355490268	61.28272101170974
data/pwm_format/MA1545.1_OVOL2_+.pwm	MA1545.1	OVOL2	+	13	15.930269020458471	-92.7229991151336	108.65326813559207
data/pwm_format/MA0650.1_HOXA13_+.pwm	MA0650.1	HOXA13	+	10	15.806530904950666	-54.184660800755715	69.99119170570638
data/pwm_format/MA1577.1_TLX2_+.pwm	MA1577.1	TLX2	+	8	12.021335203219039	-70.4881954368802	82.50953064009924
data/pwm_format/MA1525.1_NFATC4_+.pwm	MA1525.1	NFATC4	+	10	14.39276555833205	-71.28985631054515	85.68262186887719
data/pwm_format/MA0476.1_FOS_+.pwm	MA0476.1	FOS	+	11	15.87923645606066	-105.97006573156568	121.84930218762634
data/pwm_format/MA0036.2_GATA2_+.pwm	MA0036.2	GATA2	+	14	18.387888442244563	-95.58480243485779	113.97269087710235
data/pwm_format/MA0688.1_TBX2_+.pwm	MA0688.1	TBX2	+	11	16.233759250783002	-51.91984885063268	68.15360810141568
data/pwm_format/MA0679.1_ONECUT1_+.pwm	MA0679.1	ONECUT1	+	14	21.20819082165883	-104.73798151036209	125.94617233202092
data/pwm_format/MA0115.1_NR1H2.RXRA_+.pwm	MA0115.1	NR1H2.RXRA	+	17	30.836542355704374	-80.02093834075296	110.85748069645734
data/pwm_format/MA0027.2_EN1_+.pwm	MA0027.2	EN1	+	8	12.019343905066886	-60.616040078301396	72.63538398336829
data/pwm_format/MA1529.1_NHLH2_+.pwm	MA1529.1	NHLH2	+	18	26.978369071533596	-109.1151164260862	136.0934854976198
data/pwm_format/MA1135.1_FOSB.JUNB_+.pwm	MA1135.1	FOSB.JUNB	+	10	16.0820402558139	-64.30082273237888	80.38286298819278
data/pwm_format/MA0076.1_ELK4_+.pwm	MA0076.1	ELK4	+	9	15.959121589060409	-39.718994962548656	55.678116551609065
data/pwm_format/MA1121.1_TEAD2_+.pwm	MA1121.1	TEAD2	+	13	16.663845188093003	-34.38426857609841	51.04811376419141
data/pwm_format/MA1523.1_MSANTD3_+.pwm	MA1523.1	MSANTD3	+	10	14.21657869134125	-38.515008841314454	52.7315875326557
data/pwm_format/MA0862.1_GMEB2_+.pwm	MA0862.1	GMEB2	+	8	13.246620090906399	-45.23111377162293	58.47773386252933
data/pwm_format/MA0471.2_E2F6_+.pwm	MA0471.2	E2F6	+	13	17.29333744920683	-38.27778846457517	55.571125913782
data/pwm_format/MA0508.2_PRDM1_+.pwm	MA0508.2	PRDM1	+	10	16.43379533898249	-64.28473938382368	80.71853472280617
data/pwm_format/MA0732.1_EGR3_+.pwm	MA0732.1	EGR3	+	15	22.366426639805905	-92.61476645771873	114.98119309752464
data/pwm_format/MA0137.1_STAT1_+.pwm	MA0137.1	STAT1	+	14	21.95054056772578	-51.623573854399794	73.57411442212558
data/pwm_format/MA0114.2_HNF4A_+.pwm	MA0114.2	HNF4A	+	15	20.011956934841958	-72.93642577707554	92.9483827119175
data/pwm_format/MA0863.1_MTF1_+.pwm	MA0863.1	MTF1	+	14	25.31144545497292	-72.64692587593674	97.95837133090967
data/pwm_format/MA1578.1_VEZF1_+.pwm	MA1578.1	VEZF1	+	10	14.481210542215548	-62.65710003251619	77.13831057473173
data/pwm_format/MA0032.2_FOXC1_+.pwm	MA0032.2	FOXC1	+	11	16.493123884528735	-62.398139663272744	78.89126354780149
data/pwm_format/MA0765.2_ETV5_+.pwm	MA0765.2	ETV5	+	11	14.699750079236637	-29.361089907697725	44.06083998693436
data/pwm_format/MA1531.1_NR1D1_+.pwm	MA1531.1	NR1D1	+	15	23.49706854354895	-129.70969106014888	153.20675960369783
data/pwm_format/MA0136.2_ELF5_+.pwm	MA0136.2	ELF5	+	11	15.511034075318525	-61.60116483182212	77.11219890714064
data/pwm_format/MA1601.1_ZNF75D_+.pwm	MA1601.1	ZNF75D	+	10	16.187444419735904	-54.73955037235972	70.92699479209563
data/pwm_format/MA0152.1_NFATC2_+.pwm	MA0152.1	NFATC2	+	7	12.39429140815869	-27.70773683104094	40.102028239199626
data/pwm_format/MA0882.1_DLX6_+.pwm	MA0882.1	DLX6	+	8	11.183643238883288	-41.48544601822853	52.66908925711182
data/pwm_format/MA0877.2_BARHL1_+.pwm	MA0877.2	BARHL1	+	8	11.078030525651382	-59.76818147346591	70.84621199911729
data/pwm_format/MA1592.1_ZNF274_+.pwm	MA1592.1	ZNF274	+	16	22.299978656406108	-119.10654801329198	141.40652666969808
data/pwm_format/MA0024.1_E2F1_+.pwm	MA0024.1	E2F1	+	8	14.15833696361172	-30.039100017307764	44.197436980919484
data/pwm_format/MA0664.1_MLXIPL_+.pwm	MA0664.1	MLXIPL	+	10	16.31961925115192	-64.69426352983703	81.01388278098895
data/pwm_format/MA0469.2_E2F3_+.pwm	MA0469.2	E2F3	+	18	29.115333048399545	-143.61153306114042	172.72686610953997
data/pwm_format/MA1547.1_PITX2_+.pwm	MA1547.1	PITX2	+	8	12.932129425980492	-74.19196918997127	87.12409861595177
data/pwm_format/MA0679.2_ONECUT1_+.pwm	MA0679.2	ONECUT1	+	16	21.642999779940276	-47.91939646419491	69.56239624413519
data/pwm_format/MA0106.2_TP53_+.pwm	MA0106.2	TP53	+	15	23.90541286187917	-92.4230971173223	116.32850997920147
data/pwm_format/MA1152.1_SOX15_+.pwm	MA1152.1	SOX15	+	10	13.702068884628844	-40.77053291627926	54.4726018009081
data/pwm_format/MA1118.1_SIX1_+.pwm	MA1118.1	SIX1	+	11	17.389597293848098	-38.96727542158682	56.35687271543492
data/pwm_format/MA1581.1_ZBTB6_+.pwm	MA1581.1	ZBTB6	+	13	17.282369585557326	-39.22607186317086	56.508441448728185
data/pwm_format/MA0477.2_FOSL1_+.pwm	MA0477.2	FOSL1	+	13	16.7065327482141	-43.56099702231578	60.26752977052988
data/pwm_format/MA0030.1_FOXF2_+.pwm	MA0030.1	FOXF2	+	14	19.277837549131526	-48.13308529123246	67.41092284036398
data/pwm_format/MA0855.1_RXRB_+.pwm	MA0855.1	RXRB	+	14	26.10280056283754	-135.38021930291993	161.48301986575746
data/pwm_format/MA0104.4_MYCN_+.pwm	MA0104.4	MYCN	+	12	16.866449561089233	-45.00416849549189	61.87061805658112
data/pwm_format/MA0610.1_DMRT3_+.pwm	MA0610.1	DMRT3	+	11	15.861916813773508	-59.12762771506751	74.98954452884102
data/pwm_format/MA0508.3_PRDM1_+.pwm	MA0508.3	PRDM1	+	11	15.873196061513179	-37.43877263303182	53.311968694544994
data/pwm_format/MA1580.1_ZBTB32_+.pwm	MA1580.1	ZBTB32	+	10	17.05753388401031	-83.13735540982375	100.19488929383407
data/pwm_format/MA0612.1_EMX1_+.pwm	MA0612.1	EMX1	+	10	12.219630617742865	-27.824333742713257	40.04396436045612
data/pwm_format/MA0025.1_NFIL3_+.pwm	MA0025.1	NFIL3	+	11	16.60968788095948	-45.450677973608585	62.06036585456806
data/pwm_format/MA1420.1_IRF5_+.pwm	MA1420.1	IRF5	+	14	22.96794397138116	-61.11259655666529	84.08054052804644
data/pwm_format/MA0655.1_JDP2_+.pwm	MA0655.1	JDP2	+	9	16.94502083415421	-74.30403103030646	91.24905186446067
data/pwm_format/MA0654.1_ISX_+.pwm	MA0654.1	ISX	+	8	12.227672168287691	-64.99843937447766	77.22611154276535
data/pwm_format/MA1571.1_TGIF2LX_+.pwm	MA1571.1	TGIF2LX	+	12	20.40536050749799	-47.92326397300991	68.3286244805079
data/pwm_format/MA0888.1_EVX2_+.pwm	MA0888.1	EVX2	+	10	12.35660239839204	-52.40129321099473	64.75789560938676
data/pwm_format/MA0014.2_PAX5_+.pwm	MA0014.2	PAX5	+	19	23.810810220239574	-87.27913385781893	111.08994407805851
data/pwm_format/MA1632.1_ATF2_+.pwm	MA1632.1	ATF2	+	13	18.27997783370911	-49.52448538803799	67.8044632217471
data/pwm_format/MA0103.2_ZEB1_+.pwm	MA0103.2	ZEB1	+	9	15.137434302642067	-87.34269451625096	102.48012881889302
data/pwm_format/MA1535.1_NR2C1_+.pwm	MA1535.1	NR2C1	+	9	11.939255007496177	-75.4445997407935	87.38385474828968
data/pwm_format/MA0692.1_TFEB_+.pwm	MA0692.1	TFEB	+	10	15.684057395528654	-62.16775828927825	77.8518156848069
data/pwm_format/MA1562.1_SOX14_+.pwm	MA1562.1	SOX14	+	10	17.096111164573557	-55.32715589043654	72.4232670550101
data/pwm_format/MA0760.1_ERF_+.pwm	MA0760.1	ERF	+	10	16.880074812615817	-62.57011078184727	79.45018559446308
data/pwm_format/MA0482.2_GATA4_+.pwm	MA0482.2	GATA4	+	12	16.148303396363396	-32.774529646773665	48.92283304313706
data/pwm_format/MA1485.1_FERD3L_+.pwm	MA1485.1	FERD3L	+	14	22.864540742385678	-121.292320744525	144.15686148691069
data/pwm_format/MA1643.1_NFIB_+.pwm	MA1643.1	NFIB	+	21	27.96024258574507	-67.75803347288786	95.71827605863294
data/pwm_format/MA0751.1_ZIC4_+.pwm	MA0751.1	ZIC4	+	15	21.182385767627746	-70.79031758243278	91.97270335006053
data/pwm_format/MA0627.2_POU2F3_+.pwm	MA0627.2	POU2F3	+	13	18.399310112032616	-46.656458586887595	65.05576869892022
data/pwm_format/MA1108.1_MXI1_+.pwm	MA1108.1	MXI1	+	13	16.27140319464385	-41.76429346378354	58.03569665842738
data/pwm_format/MA0597.1_THAP1_+.pwm	MA0597.1	THAP1	+	9	11.321342338643953	-36.564639082919754	47.885981421563706
data/pwm_format/MA0018.1_CREB1_+.pwm	MA0018.1	CREB1	+	12	15.543709748520946	-42.66341495398666	58.207124702507606
data/pwm_format/MA0761.1_ETV1_+.pwm	MA0761.1	ETV1	+	10	15.393262076607547	-54.00409640483192	69.39735848143947
data/pwm_format/MA0462.1_BATF.JUN_+.pwm	MA0462.1	BATF.JUN	+	11	16.843087202381483	-118.11572857771976	134.95881578010125
data/pwm_format/MA0003.1_TFAP2A_+.pwm	MA0003.1	TFAP2A	+	9	10.838542169191799	-33.39616121217839	44.23470338137019
data/pwm_format/MA1136.1_FOSB.JUNB(var.2)_+.pwm	MA1136.1	FOSB.JUNB(var.2)	+	10	16.57263287341975	-38.15520919636858	54.72784206978833
data/pwm_format/MA0036.1_GATA2_+.pwm	MA0036.1	GATA2	+	5	7.123840519216534	-19.87955354633922	27.003394065555753
data/pwm_format/MA1640.1_MEIS2(var.2)_+.pwm	MA1640.1	MEIS2(var.2)	+	15	19.044723272203377	-39.34682177168439	58.39154504388777
data/pwm_format/MA0162.4_EGR1_+.pwm	MA0162.4	EGR1	+	14	19.524925135189743	-38.97430926632633	58.49923440151608
data/pwm_format/MA1104.1_GATA6_+.pwm	MA1104.1	GATA6	+	13	16.429855645060446	-40.429781200997695	56.85963684605814
data/pwm_format/MA0807.1_TBX5_+.pwm	MA0807.1	TBX5	+	8	13.01723602521443	-38.55617848504693	51.57341451026136
data/pwm_format/MA1519.1_LHX5_+.pwm	MA1519.1	LHX5	+	8	12.784463489704173	-81.74259517214684	94.52705866185102
data/pwm_format/MA0788.1_POU3F3_+.pwm	MA0788.1	POU3F3	+	13	19.74480793133294	-50.36596717380043	70.11077510513337
data/pwm_format/MA1656.1_ZNF449_+.pwm	MA1656.1	ZNF449	+	14	18.972371297741233	-41.470906801480965	60.4432780992222
data/pwm_format/MA0623.2_NEUROG1_+.pwm	MA0623.2	NEUROG1	+	10	16.087773916855994	-92.53605516414721	108.62382908100321
data/pwm_format/MA0486.2_HSF1_+.pwm	MA0486.2	HSF1	+	13	22.267076422000628	-84.58453057261602	106.85160699461665
data/pwm_format/MA0765.1_ETV5_+.pwm	MA0765.1	ETV5	+	10	13.843389085181794	-48.80204241653702	62.64543150171882
data/pwm_format/MA0900.2_HOXA2_+.pwm	MA0900.2	HOXA2	+	8	12.64676706667074	-99.00786849659096	111.6546355632617
data/pwm_format/MA0700.1_LHX2_+.pwm	MA0700.1	LHX2	+	10	14.111840146434936	-64.80330530941234	78.91514545584727
data/pwm_format/MA0867.1_SOX4_+.pwm	MA0867.1	SOX4	+	16	30.058142349313542	-132.45104307764367	162.50918542695723
data/pwm_format/MA1493.1_HES6_+.pwm	MA1493.1	HES6	+	10	17.772166527560927	-70.4819710707306	88.25413759829152
data/pwm_format/MA0681.2_PHOX2B_+.pwm	MA0681.2	PHOX2B	+	16	22.77082300798956	-46.75650113144267	69.52732413943222
data/pwm_format/MA0900.1_HOXA2_+.pwm	MA0900.1	HOXA2	+	10	11.998003317317975	-47.83671015607336	59.83471347339133
data/pwm_format/MA0715.1_PROP1_+.pwm	MA0715.1	PROP1	+	11	19.06059639550667	-69.57215976508074	88.6327561605874
data/pwm_format/MA1534.1_NR1I3_+.pwm	MA1534.1	NR1I3	+	9	14.546621997980505	-90.84995098964455	105.39657298762506
data/pwm_format/MA0098.1_ETS1_+.pwm	MA0098.1	ETS1	+	6	8.433673233230943	-25.64223462905024	34.075907862281184
data/pwm_format/MA0033.2_FOXL1_+.pwm	MA0033.2	FOXL1	+	7	12.36415739784604	-82.20859686011413	94.57275425796017
data/pwm_format/MA0666.1_MSX1_+.pwm	MA0666.1	MSX1	+	8	11.849600195773156	-42.76599500098017	54.615595196753326
data/pwm_format/MA0806.1_TBX4_+.pwm	MA0806.1	TBX4	+	8	13.707001740389959	-52.568373705457816	66.27537544584777
data/pwm_format/MA0785.1_POU2F1_+.pwm	MA0785.1	POU2F1	+	12	17.862515914371652	-46.96935196800712	64.83186788237877
data/pwm_format/MA0846.1_FOXC2_+.pwm	MA0846.1	FOXC2	+	12	17.139499319601843	-50.667050562979455	67.8065498825813
data/pwm_format/MA0112.2_ESR1_+.pwm	MA0112.2	ESR1	+	20	26.150019619216465	-47.82031902338994	73.97033864260641
data/pwm_format/MA0468.1_DUX4_+.pwm	MA0468.1	DUX4	+	11	17.902721134708127	-145.43605095900938	163.3387720937175
data/pwm_format/MA0076.2_ELK4_+.pwm	MA0076.2	ELK4	+	11	16.856597869061016	-91.23253572905793	108.08913359811895
data/pwm_format/MA0691.1_TFAP4_+.pwm	MA0691.1	TFAP4	+	10	17.03535996140668	-75.456451320222	92.49181128162869
data/pwm_format/MA0783.1_PKNOX2_+.pwm	MA0783.1	PKNOX2	+	12	23.05674003863409	-111.95741560089647	135.01415563953054
data/pwm_format/MA0162.3_EGR1_+.pwm	MA0162.3	EGR1	+	14	22.954163657259564	-111.26588386456082	134.2200475218204
data/pwm_format/MA0048.2_NHLH1_+.pwm	MA0048.2	NHLH1	+	10	17.01617598557957	-76.2481723557478	93.26434834132736
data/pwm_format/MA0839.1_CREB3L1_+.pwm	MA0839.1	CREB3L1	+	14	23.012957154651247	-80.24580469664497	103.25876185129621
data/pwm_format/MA1540.1_NR5A1_+.pwm	MA1540.1	NR5A1	+	11	15.037343959392437	-54.808425712588175	69.8457696719806
data/pwm_format/MA1644.1_NFYC_+.pwm	MA1644.1	NFYC	+	11	15.57335900439067	-32.90979986938012	48.48315887377079
data/pwm_format/MA0825.1_MNT_+.pwm	MA0825.1	MNT	+	10	13.998009361336516	-62.21433413987785	76.21234350121436
data/pwm_format/MA0649.1_HEY2_+.pwm	MA0649.1	HEY2	+	10	15.81113520528178	-66.6399581353525	82.45109334063429
data/pwm_format/MA0043.1_HLF_+.pwm	MA0043.1	HLF	+	12	15.977535005122977	-42.900178717968195	58.877713723091176
data/pwm_format/MA0138.1_REST_+.pwm	MA0138.1	REST	+	19	30.712124597154872	-74.90009776552432	105.61222236267919
data/pwm_format/MA0516.1_SP2_+.pwm	MA0516.1	SP2	+	15	20.636399826003597	-96.67197680992075	117.30837663592435
data/pwm_format/MA1657.1_ZNF652_+.pwm	MA1657.1	ZNF652	+	12	17.937170350072694	-37.35174918670569	55.28891953677838
data/pwm_format/MA0112.3_ESR1_+.pwm	MA0112.3	ESR1	+	17	27.39583286464687	-123.49168125725105	150.8875141218979
data/pwm_format/MA0696.1_ZIC1_+.pwm	MA0696.1	ZIC1	+	14	24.063805925592053	-111.79541477991427	135.85922070550632
data/pwm_format/MA1475.1_CREB3L4(var.2)_+.pwm	MA1475.1	CREB3L4(var.2)	+	12	17.62549434485655	-55.971137665900415	73.59663201075696
data/pwm_format/MA0037.1_GATA3_+.pwm	MA0037.1	GATA3	+	6	8.949706851865466	-26.9271957590893	35.876902610954765
data/pwm_format/MA0651.1_HOXC11_+.pwm	MA0651.1	HOXC11	+	11	16.72965805114464	-73.57367013091168	90.30332818205632
data/pwm_format/MA0050.2_IRF1_+.pwm	MA0050.2	IRF1	+	21	28.127219979601925	-96.22988322244022	124.35710320204214
data/pwm_format/MA1489.1_FOXN3_+.pwm	MA1489.1	FOXN3	+	8	15.67658080261976	-38.0993451989696	53.77592600158936
data/pwm_format/MA0154.3_EBF1_+.pwm	MA0154.3	EBF1	+	14	21.13168188460543	-88.35429406787408	109.4859759524795
data/pwm_format/MA0746.1_SP3_+.pwm	MA0746.1	SP3	+	11	15.932216185391143	-37.539924698066265	53.472140883457406
data/pwm_format/MA0735.1_GLIS1_+.pwm	MA0735.1	GLIS1	+	16	28.079663988532165	-158.11797634157864	186.1976403301108
data/pwm_format/MA1524.1_MSGN1_+.pwm	MA1524.1	MSGN1	+	12	14.358311437205655	-62.67086274406797	77.02917418127362
data/pwm_format/MA0820.1_FIGLA_+.pwm	MA0820.1	FIGLA	+	10	14.443989392276304	-65.19484776588257	79.63883715815888
data/pwm_format/MA0113.3_NR3C1_+.pwm	MA0113.3	NR3C1	+	17	23.648426189822732	-108.16023862368559	131.80866481350833
data/pwm_format/MA0499.2_MYOD1_+.pwm	MA0499.2	MYOD1	+	13	16.843351606404656	-38.47856829550379	55.321919901908444
data/pwm_format/MA1464.1_ARNT2_+.pwm	MA1464.1	ARNT2	+	10	15.533252446739237	-81.97401782317336	97.5072702699126
data/pwm_format/MA1541.1_NR6A1_+.pwm	MA1541.1	NR6A1	+	17	23.93420188009877	-63.977346258247174	87.91154813834595
data/pwm_format/MA0525.2_TP63_+.pwm	MA0525.2	TP63	+	18	30.35222085845925	-161.29944505567883	191.65166591413808
data/pwm_format/MA0771.1_HSF4_+.pwm	MA0771.1	HSF4	+	13	19.526582541398092	-58.39901733073011	77.9255998721282
data/pwm_format/MA1144.1_FOSL2.JUND_+.pwm	MA1144.1	FOSL2.JUND	+	10	16.33215501100617	-71.88334275869167	88.21549776969783
data/pwm_format/MA1537.1_NR2F1(var.2)_+.pwm	MA1537.1	NR2F1(var.2)	+	15	24.736844891557325	-116.60847736074147	141.34532225229879
data/pwm_format/MA0684.1_RUNX3_+.pwm	MA0684.1	RUNX3	+	10	16.01146412218563	-63.81835733834179	79.82982146052743
data/pwm_format/MA0764.2_ETV4_+.pwm	MA0764.2	ETV4	+	10	14.663750315492898	-75.65579394983456	90.31954426532747
data/pwm_format/MA0745.1_SNAI2_+.pwm	MA0745.1	SNAI2	+	9	12.729564048975508	-55.28287787247621	68.01244192145172
data/pwm_format/MA0620.2_MITF_+.pwm	MA0620.2	MITF	+	18	21.23899472180628	-59.33369282941245	80.57268755121873
data/pwm_format/MA0478.1_FOSL2_+.pwm	MA0478.1	FOSL2	+	11	16.54006506784771	-108.28309397883619	124.8231590466839
data/pwm_format/MA0776.1_MYBL1_+.pwm	MA0776.1	MYBL1	+	12	19.669414105879028	-88.74778625391241	108.41720035979144
data/pwm_format/MA0598.2_EHF_+.pwm	MA0598.2	EHF	+	12	19.93410881720893	-61.95213819531504	81.88624701252397
data/pwm_format/MA0100.3_MYB_+.pwm	MA0100.3	MYB	+	10	12.958743434132472	-61.68171646806056	74.64045990219303
data/pwm_format/MA0526.1_USF2_+.pwm	MA0526.1	USF2	+	11	17.018124850908958	-111.10900047340415	128.1271253243131
data/pwm_format/MA0470.1_E2F4_+.pwm	MA0470.1	E2F4	+	11	16.330444138988934	-92.99908272992866	109.3295268689176
data/pwm_format/MA0646.1_GCM1_+.pwm	MA0646.1	GCM1	+	11	17.883834657605902	-68.23385890546305	86.11769356306895
data/pwm_format/MA0861.1_TP73_+.pwm	MA0861.1	TP73	+	18	24.353243041627454	-92.95860052336604	117.3118435649935
data/pwm_format/MA1588.1_ZNF136_+.pwm	MA1588.1	ZNF136	+	15	24.808005792431196	-60.07080851236856	84.87881430479976
data/pwm_format/MA1521.1_MAFA_+.pwm	MA1521.1	MAFA	+	15	20.863667528945648	-44.632306759269504	65.49597428821515
data/pwm_format/MA0710.1_NOTO_+.pwm	MA0710.1	NOTO	+	10	13.187254197993756	-74.52289767591884	87.7101518739126
data/pwm_format/MA0762.1_ETV2_+.pwm	MA0762.1	ETV2	+	11	18.45911838140468	-87.07239198469333	105.531510366098
data/pwm_format/MA0703.1_LMX1B_+.pwm	MA0703.1	LMX1B	+	8	11.154249322504148	-25.233370083791197	36.38761940629534
data/pwm_format/MA0079.2_SP1_+.pwm	MA0079.2	SP1	+	10	15.88050555170135	-47.37872615400531	63.259231705706654
data/pwm_format/MA0892.1_GSX1_+.pwm	MA0892.1	GSX1	+	10	11.475832513221123	-38.98777940269737	50.46361191591849
data/pwm_format/MA1634.1_BATF_+.pwm	MA1634.1	BATF	+	11	15.784909221112196	-35.321114572602845	51.10602379371504
data/pwm_format/MA1556.1_RXRG(var.2)_+.pwm	MA1556.1	RXRG(var.2)	+	14	22.64968074966666	-93.96368787012831	116.61336861979497
data/pwm_format/MA1139.1_FOSL2.JUNB(var.2)_+.pwm	MA1139.1	FOSL2.JUNB(var.2)	+	12	18.537767838920125	-47.3914089965731	65.92917683549322
data/pwm_format/MA0043.3_HLF_+.pwm	MA0043.3	HLF	+	14	18.025045788787647	-52.36263962839916	70.3876854171868
data/pwm_format/MA0024.2_E2F1_+.pwm	MA0024.2	E2F1	+	11	15.698477723247336	-104.09786384570415	119.79634156895149
data/pwm_format/MA0490.1_JUNB_+.pwm	MA0490.1	JUNB	+	11	16.323185955988876	-119.86752872414023	136.1907146801291
data/pwm_format/MA0909.1_HOXD13_+.pwm	MA0909.1	HOXD13	+	10	15.6540115059294	-71.26268001501049	86.91669152093989
data/pwm_format/MA0106.1_TP53_+.pwm	MA0106.1	TP53	+	20	32.50626004720921	-78.30034949852723	110.80660954573644
data/pwm_format/MA1133.1_JUN.JUNB(var.2)_+.pwm	MA1133.1	JUN.JUNB(var.2)	+	12	17.484843681962925	-34.32009769329247	51.804941375255396
data/pwm_format/MA0680.1_PAX7_+.pwm	MA0680.1	PAX7	+	10	18.61460260219773	-85.85834986822388	104.47295247042162
data/pwm_format/MA1527.1_NFIC(var.2)_+.pwm	MA1527.1	NFIC(var.2)	+	17	22.78279447334866	-105.48989145781859	128.27268593116725
data/pwm_format/MA0161.2_NFIC_+.pwm	MA0161.2	NFIC	+	11	14.368017229748354	-30.02541252044457	44.39342975019292
data/pwm_format/MA0050.1_IRF1_+.pwm	MA0050.1	IRF1	+	12	19.073033817641917	-51.23535161625078	70.3083854338927
data/pwm_format/MA0071.1_RORA_+.pwm	MA0071.1	RORA	+	10	15.735994804337892	-40.06787843487406	55.80387323921195
data/pwm_format/MA0498.2_MEIS1_+.pwm	MA0498.2	MEIS1	+	7	10.374373411819619	-70.82956710341645	81.20394051523607
data/pwm_format/MA1532.1_NR1D2_+.pwm	MA1532.1	NR1D2	+	15	21.236991201079288	-79.4266667846043	100.66365798568359
data/pwm_format/MA0527.1_ZBTB33_+.pwm	MA0527.1	ZBTB33	+	15	20.870217181735974	-69.21063765637388	90.08085483810984
data/pwm_format/MA0258.1_ESR2_+.pwm	MA0258.1	ESR2	+	18	23.238171520841064	-79.51757445143087	102.75574597227194
data/pwm_format/MA0137.2_STAT1_+.pwm	MA0137.2	STAT1	+	15	19.983126401226073	-48.96496474651873	68.9480911477448
data/pwm_format/MA1155.1_ZSCAN4_+.pwm	MA1155.1	ZSCAN4	+	15	26.005385760743067	-122.50781853730354	148.51320429804662
data/pwm_format/MA0799.1_RFX4_+.pwm	MA0799.1	RFX4	+	16	23.108514265366622	-89.16615340096718	112.2746676663338
data/pwm_format/MA0835.2_BATF3_+.pwm	MA0835.2	BATF3	+	11	16.397336985808963	-39.43652590892911	55.833862894738076
data/pwm_format/MA0661.1_MEOX1_+.pwm	MA0661.1	MEOX1	+	10	13.455998896917567	-55.53401264594818	68.99001154286574
data/pwm_format/MA0063.2_NKX2-5_+.pwm	MA0063.2	NKX2-5	+	11	14.165275512657143	-33.25618969714215	47.421465209799294
data/pwm_format/MA0598.3_EHF_+.pwm	MA0598.3	EHF	+	15	19.03385058472209	-37.70971308881807	56.74356367354016
data/pwm_format/MA0105.2_NFKB1_+.pwm	MA0105.2	NFKB1	+	11	18.411202348902368	-47.51551486773287	65.92671721663524
data/pwm_format/MA0665.1_MSC_+.pwm	MA0665.1	MSC	+	10	18.14170824528146	-62.20457403108582	80.34628227636728
data/pwm_format/MA0147.3_MYC_+.pwm	MA0147.3	MYC	+	12	16.044205933038317	-35.209124019374265	51.253329952412585
data/pwm_format/MA0500.2_MYOG_+.pwm	MA0500.2	MYOG	+	12	15.295543822401793	-38.89142076029488	54.186964582696675
data/pwm_format/MA0895.1_HMBOX1_+.pwm	MA0895.1	HMBOX1	+	10	14.161602513438453	-48.08604374215349	62.247646255591945
data/pwm_format/MA0913.2_HOXD9_+.pwm	MA0913.2	HOXD9	+	10	15.897849668643277	-91.2981618348249	107.19601150346817
data/pwm_format/MA0058.2_MAX_+.pwm	MA0058.2	MAX	+	10	16.09175834694656	-101.46075376095578	117.55251210790234
data/pwm_format/MA0101.1_REL_+.pwm	MA0101.1	REL	+	10	14.421811362913093	-35.58740930822168	50.00922067113477
data/pwm_format/MA0864.2_E2F2_+.pwm	MA0864.2	E2F2	+	16	21.011146247776487	-73.02264308672048	94.03378933449696
data/pwm_format/MA0701.1_LHX9_+.pwm	MA0701.1	LHX9	+	8	11.071765076286718	-43.293692089237936	54.36545716552465
data/pwm_format/MA0157.1_FOXO3_+.pwm	MA0157.1	FOXO3	+	8	13.5663438998268	-32.86819565422536	46.43453955405216
data/pwm_format/MA0875.1_BARX1_+.pwm	MA0875.1	BARX1	+	8	11.220031912488931	-61.157670441084235	72.37770235357317
data/pwm_format/MA1502.1_HOXB8_+.pwm	MA1502.1	HOXB8	+	8	12.042281029352582	-77.41369552266097	89.45597655201355
data/pwm_format/MA0481.2_FOXP1_+.pwm	MA0481.2	FOXP1	+	12	16.209874940903948	-39.94105698158375	56.1509319224877
data/pwm_format/MA0513.1_SMAD2.SMAD3.SMAD4_+.pwm	MA0513.1	SMAD2.SMAD3.SMAD4	+	13	19.682247914930873	-69.58991300696526	89.27216092189613
data/pwm_format/MA0810.1_TFAP2A(var.2)_+.pwm	MA0810.1	TFAP2A(var.2)	+	12	16.06680411017716	-72.27623686061065	88.34304097078781
data/pwm_format/MA1418.1_IRF3_+.pwm	MA1418.1	IRF3	+	21	31.770741907039216	-107.54670758298764	139.31744949002686
data/pwm_format/MA1651.1_ZFP42_+.pwm	MA1651.1	ZFP42	+	21	24.114372736998757	-52.588614791618596	76.70298752861736
data/pwm_format/MA0868.1_SOX8_+.pwm	MA0868.1	SOX8	+	16	30.608265530949538	-132.15112152011017	162.75938705105972
data/pwm_format/MA1533.1_NR1I2_+.pwm	MA1533.1	NR1I2	+	17	22.893395407493813	-76.18887218569542	99.08226759318923
data/pwm_format/MA1593.1_ZNF317_+.pwm	MA1593.1	ZNF317	+	12	17.459209802423555	-35.289503687132786	52.74871348955634
data/pwm_format/MA0080.2_SPI1_+.pwm	MA0080.2	SPI1	+	7	12.41491419103462	-34.14587478544959	46.56078897648421
data/pwm_format/MA0143.4_SOX2_+.pwm	MA0143.4	SOX2	+	11	14.481722166050137	-32.841111436270225	47.32283360232036
data/pwm_format/MA1566.1_TBX3_+.pwm	MA1566.1	TBX3	+	10	12.555515727786986	-46.549355065194376	59.10487079298136
data/pwm_format/MA1579.1_ZBTB26_+.pwm	MA1579.1	ZBTB26	+	15	16.258923147920687	-41.627594186423366	57.88651733434405
data/pwm_format/MA0090.2_TEAD1_+.pwm	MA0090.2	TEAD1	+	10	13.717528257811827	-59.817891949338026	73.53542020714985
data/pwm_format/MA1106.1_HIF1A_+.pwm	MA1106.1	HIF1A	+	10	13.316165031117812	-48.48917796101234	61.80534299213015
data/pwm_format/MA0695.1_ZBTB7C_+.pwm	MA0695.1	ZBTB7C	+	12	16.841968474598676	-46.59126067805298	63.43322915265166
data/pwm_format/MA0737.1_GLIS3_+.pwm	MA0737.1	GLIS3	+	14	25.40463000130412	-101.40421355283935	126.80884355414346
data/pwm_format/MA1105.2_GRHL2_+.pwm	MA1105.2	GRHL2	+	12	17.053755144070806	-33.581907496116955	50.63566264018776
data/pwm_format/MA0826.1_OLIG1_+.pwm	MA0826.1	OLIG1	+	10	17.046079177073114	-98.26970000125955	115.31577917833266
data/pwm_format/MA0024.3_E2F1_+.pwm	MA0024.3	E2F1	+	12	19.02491677117003	-71.04221750265371	90.06713427382374
data/pwm_format/MA0724.1_VENTX_+.pwm	MA0724.1	VENTX	+	9	14.136563978043704	-84.68765784976638	98.82422182781008
data/pwm_format/MA1655.1_ZNF341_+.pwm	MA1655.1	ZNF341	+	12	15.903058044850475	-31.059301835081527	46.962359879932
data/pwm_format/MA0037.2_GATA3_+.pwm	MA0037.2	GATA3	+	8	14.80013937666794	-99.98680486343679	114.78694424010473
data/pwm_format/MA0003.2_TFAP2A_+.pwm	MA0003.2	TFAP2A	+	15	20.004315168744935	-75.81710420845297	95.82141937719791
data/pwm_format/MA1563.1_SOX18_+.pwm	MA1563.1	SOX18	+	8	10.734963214017668	-50.338122529083314	61.07308574310098
data/pwm_format/MA0815.1_TFAP2C(var.3)_+.pwm	MA0815.1	TFAP2C(var.3)	+	13	19.23405317077031	-91.02352894923669	110.257582120007
data/pwm_format/MA0822.1_HES7_+.pwm	MA0822.1	HES7	+	12	21.612679257180673	-101.56609271650296	123.17877197368364
data/pwm_format/MA0052.2_MEF2A_+.pwm	MA0052.2	MEF2A	+	15	20.527915702998783	-94.5502819373329	115.07819764033168
data/pwm_format/MA0442.1_SOX10_+.pwm	MA0442.1	SOX10	+	6	9.793611334040754	-25.53790846635114	35.331519800391895
data/pwm_format/MA0484.1_HNF4G_+.pwm	MA0484.1	HNF4G	+	15	19.581392704795974	-89.31163516752372	108.89302787231969
data/pwm_format/MA0838.1_CEBPG_+.pwm	MA0838.1	CEBPG	+	10	17.27153955645277	-83.16696876593785	100.43850832239062
data/pwm_format/MA0025.2_NFIL3_+.pwm	MA0025.2	NFIL3	+	13	17.001091433795597	-37.19704887182852	54.19814030562412
data/pwm_format/MA0093.2_USF1_+.pwm	MA0093.2	USF1	+	11	17.339312903017547	-110.42774220466065	127.76705510767819
data/pwm_format/MA0752.1_ZNF410_+.pwm	MA0752.1	ZNF410	+	17	28.27323231969599	-139.4235612007061	167.69679352040208
data/pwm_format/MA1635.1_BHLHE22(var.2)_+.pwm	MA1635.1	BHLHE22(var.2)	+	10	13.883745323230194	-85.40216772869654	99.28591305192674
data/pwm_format/MA1653.1_ZNF148_+.pwm	MA1653.1	ZNF148	+	12	19.03225090938567	-43.72154821372471	62.75379912311038
data/pwm_format/MA0700.2_LHX2_+.pwm	MA0700.2	LHX2	+	11	14.54641658198238	-39.25309972701858	53.79951630900096
data/pwm_format/MA0887.1_EVX1_+.pwm	MA0887.1	EVX1	+	10	12.272486624793313	-47.1977411864618	59.470227811255114
data/pwm_format/MA0106.3_TP53_+.pwm	MA0106.3	TP53	+	18	28.386288984351214	-102.95340999951787	131.33969898386908
data/pwm_format/MA0153.2_HNF1B_+.pwm	MA0153.2	HNF1B	+	13	21.530631238944125	-68.82897696945196	90.35960820839608
data/pwm_format/MA1654.1_ZNF16_+.pwm	MA1654.1	ZNF16	+	23	36.36215102358466	-105.47702003666983	141.8391710602545
data/pwm_format/MA0904.2_HOXB5_+.pwm	MA0904.2	HOXB5	+	8	12.063502693754682	-70.79128413431343	82.85478682806811
data/pwm_format/MA0145.3_TFCP2_+.pwm	MA0145.3	TFCP2	+	10	16.237306253762423	-57.29994076320101	73.53724701696343
data/pwm_format/MA1116.1_RBPJ_+.pwm	MA1116.1	RBPJ	+	10	13.381947943707408	-52.70600378975092	66.08795173345833
data/pwm_format/MA0524.2_TFAP2C_+.pwm	MA0524.2	TFAP2C	+	12	16.484843465977463	-51.43103189773276	67.91587536371023
data/pwm_format/MA1463.1_ARGFX_+.pwm	MA1463.1	ARGFX	+	10	15.605532233703219	-73.14204324243168	88.7475754761349
data/pwm_format/MA1484.1_ETS2_+.pwm	MA1484.1	ETS2	+	10	15.992750549184896	-119.14260342020344	135.13535396938835
data/pwm_format/MA0894.1_HESX1_+.pwm	MA0894.1	HESX1	+	10	13.573976280278597	-70.70274800803463	84.27672428831323
data/pwm_format/MA1142.1_FOSL1.JUND_+.pwm	MA1142.1	FOSL1.JUND	+	10	13.359953911864553	-26.881801883134223	40.241755794998774
data/pwm_format/MA0725.1_VSX1_+.pwm	MA0725.1	VSX1	+	8	11.83363895351619	-24.916217266962335	36.74985622047852
data/pwm_format/MA0002.1_RUNX1_+.pwm	MA0002.1	RUNX1	+	11	15.705922568194358	-43.63819285631858	59.34411542451294
data/pwm_format/MA1554.1_RFX7_+.pwm	MA1554.1	RFX7	+	9	13.27451966268702	-60.52190333280861	73.79642299549563
data/pwm_format/MA1103.1_FOXK2_+.pwm	MA1103.1	FOXK2	+	11	14.942584578219362	-33.542573099110804	48.485157677330164
data/pwm_format/MA1507.1_HOXD4_+.pwm	MA1507.1	HOXD4	+	8	11.45359215689782	-74.85905395409321	86.31264611099104
data/pwm_format/MA1481.1_DRGX_+.pwm	MA1481.1	DRGX	+	8	11.756083336827073	-69.15135764096067	80.90744097778774
data/pwm_format/MA0669.1_NEUROG2_+.pwm	MA0669.1	NEUROG2	+	10	17.11801629645044	-83.79876285023806	100.9167791466885
data/pwm_format/MA0805.1_TBX1_+.pwm	MA0805.1	TBX1	+	8	15.12480683672002	-65.24151733330983	80.36632417002986
data/pwm_format/MA1115.1_POU5F1_+.pwm	MA1115.1	POU5F1	+	11	15.098572096352562	-31.790189742881267	46.88876183923383
data/pwm_format/MA0754.1_CUX1_+.pwm	MA0754.1	CUX1	+	10	15.030148344685296	-45.466504107261756	60.49665245194705
data/pwm_format/MA1108.2_MXI1_+.pwm	MA1108.2	MXI1	+	10	12.67668413787066	-63.98437954231753	76.66106368018819
data/pwm_format/MA1102.1_CTCFL_+.pwm	MA1102.1	CTCFL	+	14	20.581144755041002	-45.26257326296081	65.84371801800181
data/pwm_format/MA0902.1_HOXB2_+.pwm	MA0902.1	HOXB2	+	10	11.205849783125252	-35.750900835364966	46.95675061849022
data/pwm_format/MA1550.1_PPARD_+.pwm	MA1550.1	PPARD	+	16	25.245668434913156	-120.25819100392727	145.50385943884044
data/pwm_format/MA0746.2_SP3_+.pwm	MA0746.2	SP3	+	13	19.47280879861871	-91.97358325797262	111.44639205659134
data/pwm_format/MA0789.1_POU3F4_+.pwm	MA0789.1	POU3F4	+	9	16.20330241138163	-51.23914234442406	67.4424447558057
data/pwm_format/MA0048.1_NHLH1_+.pwm	MA0048.1	NHLH1	+	12	18.360346978813645	-54.66859035532766	73.0289373341413
data/pwm_format/MA1584.1_ZIC5_+.pwm	MA1584.1	ZIC5	+	16	24.950298156749643	-129.36993997125043	154.32023812800008
data/pwm_format/MA1645.1_NKX2-2_+.pwm	MA1645.1	NKX2-2	+	14	16.041033617690143	-32.19925539974705	48.24028901743719
data/pwm_format/MA0093.3_USF1_+.pwm	MA0093.3	USF1	+	14	19.0668917355224	-44.12276133992579	63.18965307544819
data/pwm_format/MA0496.2_MAFK_+.pwm	MA0496.2	MAFK	+	19	27.143034188539826	-54.21086424005267	81.3538984285925
data/pwm_format/MA0473.1_ELF1_+.pwm	MA0473.1	ELF1	+	13	19.0722045998215	-108.98103795675434	128.05324255657584
data/pwm_format/MA0829.2_SREBF1(var.2)_+.pwm	MA0829.2	SREBF1(var.2)	+	14	19.109914143641088	-46.57029784780314	65.68021199144422
data/pwm_format/MA1546.1_PAX3(var.2)_+.pwm	MA1546.1	PAX3(var.2)	+	16	22.3391486141995	-69.79283980675899	92.13198842095849
data/pwm_format/MA0628.1_POU6F1_+.pwm	MA0628.1	POU6F1	+	10	14.405107222080813	-32.55238885252856	46.957496074609374
data/pwm_format/MA1474.1_CREB3L4_+.pwm	MA1474.1	CREB3L4	+	12	17.683759264103198	-46.952305494763756	64.63606475886695
data/pwm_format/MA1500.1_HOXB6_+.pwm	MA1500.1	HOXB6	+	8	11.326702286584426	-70.49239570128078	81.8190979878652
data/pwm_format/MA1516.1_KLF3_+.pwm	MA1516.1	KLF3	+	11	17.87504958131844	-78.48690427424498	96.36195385556341
data/pwm_format/MA0154.4_EBF1_+.pwm	MA0154.4	EBF1	+	15	20.014924979055515	-40.7969151469206	60.81184012597611
data/pwm_format/MA0781.1_PAX9_+.pwm	MA0781.1	PAX9	+	17	27.80870473863511	-152.4405243677314	180.2492291063665
data/pwm_format/MA1509.1_IRF6_+.pwm	MA1509.1	IRF6	+	9	16.68227517759985	-79.2076303793992	95.88990555699905
data/pwm_format/MA0148.4_FOXA1_+.pwm	MA0148.4	FOXA1	+	12	16.60880055745832	-35.09675850530287	51.705559062761196
data/pwm_format/MA0523.1_TCF7L2_+.pwm	MA0523.1	TCF7L2	+	14	18.81168305531099	-98.43243105852629	117.24411411383728
data/pwm_format/MA0716.1_PRRX1_+.pwm	MA0716.1	PRRX1	+	8	11.539811263509941	-35.099967803565754	46.63977906707569
data/pwm_format/MA0080.4_SPI1_+.pwm	MA0080.4	SPI1	+	14	25.19412501111697	-124.33558908884365	149.52971409996061
data/pwm_format/MA0830.1_TCF4_+.pwm	MA0830.1	TCF4	+	10	13.955141226917592	-92.11916536346264	106.07430659038023
data/pwm_format/MA1127.1_FOSB.JUN_+.pwm	MA1127.1	FOSB.JUN	+	11	18.42944094394748	-39.9625641426244	58.392005086571885
data/pwm_format/MA0473.3_ELF1_+.pwm	MA0473.3	ELF1	+	14	18.890188839617437	-38.193396139544475	57.08358497916191
data/pwm_format/MA0796.1_TGIF1_+.pwm	MA0796.1	TGIF1	+	12	23.47218043293609	-115.92859003853394	139.40077047147003
data/pwm_format/MA0161.1_NFIC_+.pwm	MA0161.1	NFIC	+	6	9.76543275629312	-21.595954967663957	31.361387723957076
data/pwm_format/MA1137.1_FOSL1.JUNB_+.pwm	MA1137.1	FOSL1.JUNB	+	13	15.609849535517355	-31.159661536821304	46.76951107233866
data/pwm_format/MA1589.1_ZNF140_+.pwm	MA1589.1	ZNF140	+	21	33.30996283297451	-86.98666347287399	120.29662630584849
data/pwm_format/MA0912.2_HOXD3_+.pwm	MA0912.2	HOXD3	+	8	14.20300183116284	-91.75583952271883	105.95884135388167
data/pwm_format/MA0158.2_HOXA5_+.pwm	MA0158.2	HOXA5	+	8	12.489640369647898	-78.90685906302753	91.39649943267543
data/pwm_format/MA0003.3_TFAP2A_+.pwm	MA0003.3	TFAP2A	+	11	15.724260947817811	-76.53010393239417	92.25436488021198
data/pwm_format/MA0906.1_HOXC12_+.pwm	MA0906.1	HOXC12	+	11	18.00882222835854	-89.46226824347582	107.47109047183436
data/pwm_format/MA0442.2_SOX10_+.pwm	MA0442.2	SOX10	+	11	14.459086949547599	-40.57574149705937	55.034828446606966
data/pwm_format/MA0018.4_CREB1_+.pwm	MA0018.4	CREB1	+	13	16.570247450440174	-33.36979783219653	49.9400452826367
data/pwm_format/MA1552.1_RARB(var.3)_+.pwm	MA1552.1	RARB(var.3)	+	14	22.747961937132537	-74.02287887172133	96.77084080885388
data/pwm_format/MA0138.2_REST_+.pwm	MA0138.2	REST	+	21	33.74398038415724	-80.89727063567145	114.64125101982869
data/pwm_format/MA0159.1_RARA.RXRA_+.pwm	MA0159.1	RARA.RXRA	+	17	23.19858638949694	-61.894772049850474	85.09335843934741
data/pwm_format/MA1565.1_TBX18_+.pwm	MA1565.1	TBX18	+	12	17.554702229952344	-48.800736560569746	66.35543879052209
data/pwm_format/MA0605.2_ATF3_+.pwm	MA0605.2	ATF3	+	12	19.808298348498532	-157.63028241715293	177.43858076565147
data/pwm_format/MA1501.1_HOXB7_+.pwm	MA1501.1	HOXB7	+	10	14.741405086927335	-75.20774828877961	89.94915337570694
data/pwm_format/MA0750.1_ZBTB7A_+.pwm	MA0750.1	ZBTB7A	+	12	18.441411020518487	-55.405000071115346	73.84641109163383
data/pwm_format/MA0833.1_ATF4_+.pwm	MA0833.1	ATF4	+	13	20.34067754008593	-90.26295280037998	110.60363034046591
data/pwm_format/MA0609.2_CREM_+.pwm	MA0609.2	CREM	+	16	19.49652586988806	-33.11968292338622	52.61620879327428
data/pwm_format/MA1496.1_HOXA4_+.pwm	MA1496.1	HOXA4	+	8	11.322528596813715	-74.50503169684008	85.82756029365379
data/pwm_format/MA0682.2_PITX1_+.pwm	MA0682.2	PITX1	+	8	13.023670403671186	-75.18547104995366	88.20914145362485
data/pwm_format/MA0768.1_LEF1_+.pwm	MA0768.1	LEF1	+	15	23.724555766814337	-87.15680227434545	110.88135804115979
data/pwm_format/MA0089.2_NFE2L1_+.pwm	MA0089.2	NFE2L1	+	16	23.431251808968803	-69.84948874463929	93.2807405536081
data/pwm_format/MA0867.2_SOX4_+.pwm	MA0867.2	SOX4	+	10	14.60183247386471	-69.3621309651897	83.96396343905441
data/pwm_format/MA0485.2_HOXC9_+.pwm	MA0485.2	HOXC9	+	10	16.821272870886748	-113.15866940777715	129.9799422786639
data/pwm_format/MA0668.1_NEUROD2_+.pwm	MA0668.1	NEUROD2	+	10	14.601022325363353	-88.38469304171349	102.98571536707684
data/pwm_format/MA0593.1_FOXP2_+.pwm	MA0593.1	FOXP2	+	11	16.559326384302945	-78.56353226950488	95.12285865380782
data/pwm_format/MA0636.1_BHLHE41_+.pwm	MA0636.1	BHLHE41	+	10	17.840581228646162	-85.97349673086926	103.81407795951542
data/pwm_format/MA1506.1_HOXD10_+.pwm	MA1506.1	HOXD10	+	11	18.018654302351887	-106.1274911619943	124.14614546434619
data/pwm_format/MA0703.2_LMX1B_+.pwm	MA0703.2	LMX1B	+	11	17.460602794587903	-90.85713963457631	108.31774242916421
data/pwm_format/MA0039.3_KLF4_+.pwm	MA0039.3	KLF4	+	11	15.661216707639062	-36.26750863664346	51.928725344282526
data/pwm_format/MA0600.2_RFX2_+.pwm	MA0600.2	RFX2	+	16	26.155791395658095	-113.09864085058884	139.25443224624692
data/pwm_format/MA0080.5_SPI1_+.pwm	MA0080.5	SPI1	+	20	25.63576998567638	-48.967830399269225	74.60360038494561
data/pwm_format/MA0747.1_SP8_+.pwm	MA0747.1	SP8	+	12	18.010596807610362	-60.667538225472725	78.6781350330831
data/pwm_format/MA1479.1_DMRTC2_+.pwm	MA1479.1	DMRTC2	+	12	18.723352862615332	-65.38630588481678	84.1096587474321
data/pwm_format/MA1512.1_KLF11_+.pwm	MA1512.1	KLF11	+	11	17.657385189072254	-73.28588125463625	90.94326644370851
data/pwm_format/MA0495.3_MAFF_+.pwm	MA0495.3	MAFF	+	16	21.27725554490103	-42.97114822843953	64.24840377334056
data/pwm_format/MA0154.2_EBF1_+.pwm	MA0154.2	EBF1	+	11	16.957261368035194	-141.60928558783985	158.56654695587505
data/pwm_format/MA0618.1_LBX1_+.pwm	MA0618.1	LBX1	+	8	13.206870661617538	-65.75778297989915	78.96465364151669
data/pwm_format/MA1683.1_FOXA3_+.pwm	MA1683.1	FOXA3	+	11	14.585770162006336	-29.712555750478888	44.298325912485225
data/pwm_format/MA0131.2_HINFP_+.pwm	MA0131.2	HINFP	+	12	17.84907557120728	-67.56060930040591	85.4096848716132
data/pwm_format/MA1538.1_NR2F1(var.3)_+.pwm	MA1538.1	NR2F1(var.3)	+	15	23.77220602680149	-86.7263405842639	110.4985466110654
data/pwm_format/MA0778.1_NFKB2_+.pwm	MA0778.1	NFKB2	+	13	21.16853516262081	-91.37568740078832	112.54422256340914
data/pwm_format/MA0850.1_FOXP3_+.pwm	MA0850.1	FOXP3	+	7	11.70272346226707	-57.98570602005645	69.68842948232351
data/pwm_format/MA0080.1_SPI1_+.pwm	MA0080.1	SPI1	+	6	9.30586684768673	-26.130690857729476	35.436557705416206
data/pwm_format/MA0640.1_ELF3_+.pwm	MA0640.1	ELF3	+	13	21.979079530054058	-97.60623514622837	119.58531467628242
data/pwm_format/MA0795.1_SMAD3_+.pwm	MA0795.1	SMAD3	+	10	18.002637018597593	-73.7276647527225	91.7303017713201
data/pwm_format/MA0831.2_TFE3_+.pwm	MA0831.2	TFE3	+	8	13.77386607753127	-48.582037562259224	62.3559036397905
data/pwm_format/MA1539.1_NR2F6(var.3)_+.pwm	MA1539.1	NR2F6(var.3)	+	15	24.857190462195273	-106.29763182465128	131.15482228684655
data/pwm_format/MA0481.3_FOXP1_+.pwm	MA0481.3	FOXP1	+	11	14.570342157201548	-31.01121442077302	45.58155657797457
data/pwm_format/MA0119.1_NFIC.TLX1_+.pwm	MA0119.1	NFIC.TLX1	+	14	22.580804355304473	-49.40365568018572	71.9844600354902
data/pwm_format/MA0727.1_NR3C2_+.pwm	MA0727.1	NR3C2	+	17	24.1528803286959	-114.06957579098538	138.22245611968128
data/pwm_format/MA1642.1_NEUROG2(var.2)_+.pwm	MA1642.1	NEUROG2(var.2)	+	13	15.517202532428739	-37.28757223147274	52.80477476390148
data/pwm_format/MA1652.1_ZKSCAN5_+.pwm	MA1652.1	ZKSCAN5	+	14	18.920243766690945	-44.52814388650044	63.44838765319138
data/pwm_format/MA1123.2_TWIST1_+.pwm	MA1123.2	TWIST1	+	13	16.015165273438438	-36.136791608288135	52.151956881726576
data/pwm_format/MA0462.2_BATF.JUN_+.pwm	MA0462.2	BATF.JUN	+	11	15.977353379360645	-36.429842506591584	52.40719588595223
data/pwm_format/MA0801.1_MGA_+.pwm	MA0801.1	MGA	+	8	14.21754190970003	-51.190904544486635	65.40844645418666
data/pwm_format/MA0056.2_MZF1_+.pwm	MA0056.2	MZF1	+	13	16.089201177160803	-33.85791637350492	49.94711755066572
data/pwm_format/MA0865.1_E2F8_+.pwm	MA0865.1	E2F8	+	12	23.20186249809509	-75.22182820345569	98.42369070155078
data/pwm_format/MA0656.1_JDP2(var.2)_+.pwm	MA0656.1	JDP2(var.2)	+	12	20.376225359164412	-111.71082850506849	132.0870538642329
data/pwm_format/MA0733.1_EGR4_+.pwm	MA0733.1	EGR4	+	16	21.995926180136838	-56.21232993387078	78.20825611400761
data/pwm_format/MA0753.2_ZNF740_+.pwm	MA0753.2	ZNF740	+	13	21.001590641857874	-56.111836120177884	77.11342676203576
data/pwm_format/MA0848.1_FOXO4_+.pwm	MA0848.1	FOXO4	+	7	12.805951913879001	-55.47263160014698	68.27858351402598
data/pwm_format/MA1101.2_BACH2_+.pwm	MA1101.2	BACH2	+	19	25.177587075479387	-133.86395093185152	159.0415380073309
data/pwm_format/MA0731.1_BCL6B_+.pwm	MA0731.1	BCL6B	+	17	31.88939936480061	-141.12079366289518	173.01019302769578
data/pwm_format/MA0014.3_PAX5_+.pwm	MA0014.3	PAX5	+	12	16.41433816130189	-36.27741435537668	52.69175251667857
data/pwm_format/MA0612.2_EMX1_+.pwm	MA0612.2	EMX1	+	8	12.737913990613965	-83.63804563468668	96.37595962530064
data/pwm_format/MA0798.2_RFX3_+.pwm	MA0798.2	RFX3	+	14	19.94400362121866	-43.58225276219197	63.526256383410626
data/pwm_format/MA1491.1_GLI3_+.pwm	MA1491.1	GLI3	+	15	22.61966679527697	-107.25963209590753	129.8792988911845
data/pwm_format/MA0766.2_GATA5_+.pwm	MA0766.2	GATA5	+	10	13.663518671195297	-85.89670048131248	99.56021915250777
data/pwm_format/MA0740.1_KLF14_+.pwm	MA0740.1	KLF14	+	14	21.45418782419545	-91.48141798830954	112.935605812505
data/pwm_format/MA0743.2_SCRT1_+.pwm	MA0743.2	SCRT1	+	16	20.454214177420027	-47.03424876726089	67.48846294468092
data/pwm_format/MA0701.2_LHX9_+.pwm	MA0701.2	LHX9	+	8	13.208805662546197	-80.88777113808385	94.09657680063005
data/pwm_format/MA0693.2_VDR_+.pwm	MA0693.2	VDR	+	8	12.022840095469933	-25.95121547142477	37.974055566894705
data/pwm_format/MA1520.1_MAF_+.pwm	MA1520.1	MAF	+	15	21.372620636552842	-46.06823825440479	67.44085889095763
data/pwm_format/MA0791.1_POU4F3_+.pwm	MA0791.1	POU4F3	+	16	22.818420464368366	-46.27022775206055	69.08864821642891
data/pwm_format/MA1639.1_MEIS1(var.2)_+.pwm	MA1639.1	MEIS1(var.2)	+	13	17.067792859762378	-39.76230448936036	56.83009734912274
data/pwm_format/MA0495.1_MAFF_+.pwm	MA0495.1	MAFF	+	18	22.887424734748745	-94.64154287429324	117.52896760904198
data/pwm_format/MA1557.1_SMAD5_+.pwm	MA1557.1	SMAD5	+	10	17.191088056108487	-63.03319010291839	80.22427815902688
data/pwm_format/MA0491.1_JUND_+.pwm	MA0491.1	JUND	+	11	16.948357218691065	-144.53848828290023	161.4868455015913
data/pwm_format/MA0834.1_ATF7_+.pwm	MA0834.1	ATF7	+	14	20.945857057098554	-91.04156240300549	111.98741946010404
data/pwm_format/MA0736.1_GLIS2_+.pwm	MA0736.1	GLIS2	+	14	22.503747387562356	-90.43249593953145	112.9362433270938
data/pwm_format/MA0758.1_E2F7_+.pwm	MA0758.1	E2F7	+	14	26.297556899274152	-123.5436762814691	149.84123318074325
data/pwm_format/MA1633.1_BACH1_+.pwm	MA1633.1	BACH1	+	13	19.312005665247305	-41.44936778819003	60.761373453437336
data/pwm_format/MA0046.2_HNF1A_+.pwm	MA0046.2	HNF1A	+	15	22.13654291238963	-77.67586056255261	99.81240347494224
data/pwm_format/MA0062.1_GABPA_+.pwm	MA0062.1	GABPA	+	10	15.742995988036872	-30.26905968790134	46.012055675938214
data/pwm_format/MA0599.1_KLF5_+.pwm	MA0599.1	KLF5	+	10	15.543400954786355	-127.74206313438171	143.28546408916807
data/pwm_format/MA0003.4_TFAP2A_+.pwm	MA0003.4	TFAP2A	+	14	17.55162178137464	-34.96078543243915	52.51240721381379
data/pwm_format/MA0102.4_CEBPA_+.pwm	MA0102.4	CEBPA	+	14	18.910639126830148	-42.596291578894835	61.50693070572498
data/pwm_format/MA1147.1_NR4A2.RXRA_+.pwm	MA1147.1	NR4A2.RXRA	+	15	21.9965063135463	-63.51199638105099	85.5085026945973
data/pwm_format/MA0139.1_CTCF_+.pwm	MA0139.1	CTCF	+	19	26.10595202769767	-84.3197198942047	110.42567192190236
data/pwm_format/MA0486.1_HSF1_+.pwm	MA0486.1	HSF1	+	15	21.210489880488623	-59.573450306860934	80.78394018734956
data/pwm_format/MA1151.1_RORC_+.pwm	MA1151.1	RORC	+	12	15.503760887184328	-42.76741489715045	58.27117578433478
data/pwm_format/MA1572.1_TGIF2LY_+.pwm	MA1572.1	TGIF2LY	+	12	19.538418301066628	-43.81182581296531	63.35024411403194
data/pwm_format/MA0017.1_NR2F1_+.pwm	MA0017.1	NR2F1	+	14	20.28661812131382	-52.34941739345206	72.63603551476588
data/pwm_format/MA0685.1_SP4_+.pwm	MA0685.1	SP4	+	17	25.40563738283286	-124.57062374576701	149.97626112859987
data/pwm_format/MA0158.1_HOXA5_+.pwm	MA0158.1	HOXA5	+	8	11.020709568622653	-35.05000270762842	46.07071227625107
data/pwm_format/MA0845.1_FOXB1_+.pwm	MA0845.1	FOXB1	+	11	17.64006504339791	-62.18598111880328	79.82604616220118
data/pwm_format/MA0744.1_SCRT2_+.pwm	MA0744.1	SCRT2	+	13	21.465096566598735	-93.76878827797083	115.23388484456956
data/pwm_format/MA0808.1_TEAD3_+.pwm	MA0808.1	TEAD3	+	8	13.463745859062985	-91.34495913248642	104.8087049915494
data/pwm_format/MA0472.2_EGR2_+.pwm	MA0472.2	EGR2	+	11	19.440198132148954	-88.17497209808022	107.61517023022917
data/pwm_format/MA1100.1_ASCL1_+.pwm	MA1100.1	ASCL1	+	13	17.886140329598046	-47.39996407122019	65.28610440081823
data/pwm_format/MA0697.1_ZIC3_+.pwm	MA0697.1	ZIC3	+	15	23.65146665216565	-81.69261901179772	105.34408566396337
data/pwm_format/MA0852.2_FOXK1_+.pwm	MA0852.2	FOXK1	+	14	17.349592484463496	-38.79683559648832	56.14642808095182
data/pwm_format/MA0811.1_TFAP2B_+.pwm	MA0811.1	TFAP2B	+	12	16.543617610241895	-68.86142930632099	85.40504691656288
data/pwm_format/MA1600.1_ZNF684_+.pwm	MA1600.1	ZNF684	+	18	28.9202380658849	-82.60194657828019	111.5221846441651
data/pwm_format/MA0491.2_JUND_+.pwm	MA0491.2	JUND	+	13	16.95752655298029	-41.595605004363584	58.553131557343875
data/pwm_format/MA0056.1_MZF1_+.pwm	MA0056.1	MZF1	+	6	9.99863946036301	-24.202638308846545	34.201277769209554
data/pwm_format/MA0876.1_BSX_+.pwm	MA0876.1	BSX	+	8	11.02413527773487	-56.07656033740259	67.10069561513745
data/pwm_format/MA0511.1_RUNX2_+.pwm	MA0511.1	RUNX2	+	15	19.811082779477044	-74.98233913197129	94.79342191144833
data/pwm_format/MA1117.1_RELB_+.pwm	MA1117.1	RELB	+	11	15.000061902063619	-28.442826159618004	43.44288806168162
data/pwm_format/MA0630.1_SHOX_+.pwm	MA0630.1	SHOX	+	8	10.991154384985961	-24.328132393857306	35.319286778843264
data/pwm_format/MA1631.1_ASCL1(var.2)_+.pwm	MA1631.1	ASCL1(var.2)	+	13	16.757035496191033	-39.25168896818375	56.00872446437478
data/pwm_format/MA0031.1_FOXD1_+.pwm	MA0031.1	FOXD1	+	8	13.75548524356536	-31.55912362577027	45.31460886933563
data/pwm_format/MA0105.4_NFKB1_+.pwm	MA0105.4	NFKB1	+	13	23.39275955764104	-120.9961599950277	144.38891955266874
data/pwm_format/MA1650.1_ZBTB14_+.pwm	MA1650.1	ZBTB14	+	12	17.567992938649443	-46.3183998535547	63.88639279220415
data/pwm_format/MA1585.1_ZKSCAN1_+.pwm	MA1585.1	ZKSCAN1	+	10	16.71227001984199	-68.615349235864	85.327619255706
data/pwm_format/MA0836.1_CEBPD_+.pwm	MA0836.1	CEBPD	+	10	16.327508334034956	-86.62831057708483	102.95581891111979
data/pwm_format/MA1499.1_HOXB4_+.pwm	MA1499.1	HOXB4	+	8	12.23613288885795	-83.80395973794842	96.04009262680637
data/pwm_format/MA0640.2_ELF3_+.pwm	MA0640.2	ELF3	+	14	18.060938591881825	-35.94801901184327	54.008957603725094
data/pwm_format/MA0787.1_POU3F2_+.pwm	MA0787.1	POU3F2	+	12	18.88160424669205	-59.535806475728506	78.41741072242056
data/pwm_format/MA0592.1_ESRRA_+.pwm	MA0592.1	ESRRA	+	11	17.890491898918746	-65.40561585318343	83.29610775210219
data/pwm_format/MA0713.1_PHOX2A_+.pwm	MA0713.1	PHOX2A	+	11	17.449374019926474	-58.80095697999833	76.25033099992481
data/pwm_format/MA1466.1_ATF6_+.pwm	MA1466.1	ATF6	+	14	23.263182376838106	-98.44128274048327	121.70446511732138
data/pwm_format/MA0662.1_MIXL1_+.pwm	MA0662.1	MIXL1	+	10	11.366704800413954	-35.53199317236719	46.89869797278114
data/pwm_format/MA0105.1_NFKB1_+.pwm	MA0105.1	NFKB1	+	10	16.263872748568247	-48.24424091970782	64.50811366827607
data/pwm_format/MA1576.1_THRB(var.3)_+.pwm	MA1576.1	THRB(var.3)	+	19	29.464472318343617	-122.06771576113339	151.532188079477
data/pwm_format/MA0901.1_HOXB13_+.pwm	MA0901.1	HOXB13	+	10	16.32618894900062	-62.31937514774906	78.64556409674968
data/pwm_format/MA1508.1_IKZF1_+.pwm	MA1508.1	IKZF1	+	12	16.85082470126474	-34.47072241461066	51.321547115875404
data/pwm_format/MA1149.1_RARA.RXRG_+.pwm	MA1149.1	RARA.RXRG	+	18	21.764150621083406	-57.81202722571066	79.57617784679407
data/pwm_format/MA1574.1_THRB_+.pwm	MA1574.1	THRB	+	15	22.429690707011577	-83.40830449821411	105.83799520522568
data/pwm_format/MA0130.1_ZNF354C_+.pwm	MA0130.1	ZNF354C	+	6	9.890852908924792	-26.35390453667256	36.24475744559735
data/pwm_format/MA0886.1_EMX2_+.pwm	MA0886.1	EMX2	+	10	13.626341759374778	-85.31688352033467	98.94322527970945
data/pwm_format/MA0690.1_TBX21_+.pwm	MA0690.1	TBX21	+	10	17.55915057193568	-62.82235867996006	80.38150925189575
data/pwm_format/MA0039.4_KLF4_+.pwm	MA0039.4	KLF4	+	12	16.16251753568584	-34.073560444192466	50.2360779798783
data/pwm_format/MA0517.1_STAT1.STAT2_+.pwm	MA0517.1	STAT1.STAT2	+	15	22.532187558351666	-75.27945264533507	97.81164020368674
data/pwm_format/MA1494.1_HNF4A(var.2)_+.pwm	MA1494.1	HNF4A(var.2)	+	15	25.030283355438485	-95.26111816615634	120.29140152159482
data/pwm_format/MA0464.2_BHLHE40_+.pwm	MA0464.2	BHLHE40	+	10	15.257793767875674	-66.84251052111003	82.1003042889857
data/pwm_format/MA0524.1_TFAP2C_+.pwm	MA0524.1	TFAP2C	+	15	18.864743945655427	-107.48948763117338	126.3542315768288
data/pwm_format/MA0083.1_SRF_+.pwm	MA0083.1	SRF	+	12	21.445756938988122	-64.39998251564236	85.84573945463049
data/pwm_format/MA0149.1_EWSR1-FLI1_+.pwm	MA0149.1	EWSR1-FLI1	+	18	35.17802037423803	-123.38879879941526	158.5668191736533
data/pwm_format/MA0072.1_RORA(var.2)_+.pwm	MA0072.1	RORA(var.2)	+	14	20.159907853625132	-60.35301242476438	80.51292027838952
data/pwm_format/MA1104.2_GATA6_+.pwm	MA1104.2	GATA6	+	13	17.0840722329994	-35.440004596166034	52.52407682916544
data/pwm_format/MA1119.1_SIX2_+.pwm	MA1119.1	SIX2	+	16	21.913127017450446	-40.83990318296419	62.75303020041464
data/pwm_format/MA0079.1_SP1_+.pwm	MA0079.1	SP1	+	10	13.561208458642291	-29.424391184930677	42.98559964357297
data/pwm_format/MA0660.1_MEF2B_+.pwm	MA0660.1	MEF2B	+	12	20.702878920651496	-115.9237969617571	136.6266758824086
data/pwm_format/MA0827.1_OLIG3_+.pwm	MA0827.1	OLIG3	+	10	15.611340954171746	-70.16825999707454	85.7796009512463
data/pwm_format/MA0828.1_SREBF2(var.2)_+.pwm	MA0828.1	SREBF2(var.2)	+	10	17.94291962052393	-84.9809113189568	102.92383093948072
data/pwm_format/MA1542.1_OSR1_+.pwm	MA1542.1	OSR1	+	10	15.473442235012167	-73.9774749337572	89.45091716876937
data/pwm_format/MA0767.1_GCM2_+.pwm	MA0767.1	GCM2	+	10	15.340042794011056	-54.70291165643344	70.0429544504445
data/pwm_format/MA0059.1_MAX.MYC_+.pwm	MA0059.1	MAX.MYC	+	11	17.485899452702153	-42.110177569661595	59.596077022363744
data/pwm_format/MA0069.1_PAX6_+.pwm	MA0069.1	PAX6	+	14	20.61810677387414	-49.60139696955953	70.21950374343368
data/pwm_format/MA1504.1_HOXC4_+.pwm	MA1504.1	HOXC4	+	8	11.251018213294705	-82.35031441098332	93.60133262427802
data/pwm_format/MA0077.1_SOX9_+.pwm	MA0077.1	SOX9	+	9	13.794345447219627	-37.6013823835532	51.39572783077283
data/pwm_format/MA0510.2_RFX5_+.pwm	MA0510.2	RFX5	+	16	26.127060829480754	-95.97704382626951	122.10410465575026
data/pwm_format/MA0718.1_RAX_+.pwm	MA0718.1	RAX	+	10	13.162373732563088	-48.349315748611275	61.511689481174365
data/pwm_format/MA0653.1_IRF9_+.pwm	MA0653.1	IRF9	+	15	27.866651400811612	-138.97318174149	166.83983314230161
data/pwm_format/MA0818.1_BHLHE22_+.pwm	MA0818.1	BHLHE22	+	10	15.926023306414109	-64.31548439998417	80.24150770639828
data/pwm_format/MA0144.2_STAT3_+.pwm	MA0144.2	STAT3	+	11	16.778442457659157	-126.18073666120593	142.95917911886508
data/pwm_format/MA0914.1_ISL2_+.pwm	MA0914.1	ISL2	+	8	12.099569497903687	-29.100299383765602	41.19986888166929
data/pwm_format/MA1473.1_CDX4_+.pwm	MA1473.1	CDX4	+	11	17.568320984896186	-114.53338912443871	132.1017101093349
data/pwm_format/MA0091.1_TAL1.TCF3_+.pwm	MA0091.1	TAL1.TCF3	+	12	17.546459467743144	-56.170835723294736	73.71729519103788
data/pwm_format/MA0073.1_RREB1_+.pwm	MA0073.1	RREB1	+	20	27.7569471880138	-72.4829359857945	100.2398831738083
data/pwm_format/MA0052.1_MEF2A_+.pwm	MA0052.1	MEF2A	+	10	18.17806674946176	-61.996723448363596	80.17479019782536
data/pwm_format/MA0489.1_JUN(var.2)_+.pwm	MA0489.1	JUN(var.2)	+	14	18.374432721801096	-108.85163593470111	127.2260686565022
data/pwm_format/MA1143.1_FOSL1.JUND(var.2)_+.pwm	MA1143.1	FOSL1.JUND(var.2)	+	10	13.908800745848731	-24.536963399119852	38.445764144968585
data/pwm_format/MA0259.1_ARNT.HIF1A_+.pwm	MA0259.1	ARNT.HIF1A	+	8	11.790653747491668	-41.76206865616335	53.55272240365502
data/pwm_format/MA0032.1_FOXC1_+.pwm	MA0032.1	FOXC1	+	8	8.360207684922027	-17.634713644234324	25.99492132915635
data/pwm_format/MA0849.1_FOXO6_+.pwm	MA0849.1	FOXO6	+	7	13.34186420157009	-92.35989754069739	105.70176174226748
data/pwm_format/MA0081.2_SPIB_+.pwm	MA0081.2	SPIB	+	16	23.16430451825985	-49.77522985195234	72.93953437021219
data/pwm_format/MA0463.2_BCL6_+.pwm	MA0463.2	BCL6	+	16	23.644077123149145	-62.97457628550738	86.61865340865653
data/pwm_format/MA0753.1_ZNF740_+.pwm	MA0753.1	ZNF740	+	10	16.931204197025405	-44.406789087499796	61.3379932845252
data/pwm_format/MA0738.1_HIC2_+.pwm	MA0738.1	HIC2	+	9	12.29308075862662	-58.8636048494875	71.15668560811412
data/pwm_format/MA0757.1_ONECUT3_+.pwm	MA0757.1	ONECUT3	+	14	22.53974349964806	-69.56325657941153	92.1030000790596
data/pwm_format/MA1602.1_ZSCAN29_+.pwm	MA1602.1	ZSCAN29	+	12	18.26560004159447	-87.7733770077537	106.03897704934816
data/pwm_format/MA0258.2_ESR2_+.pwm	MA0258.2	ESR2	+	15	20.59313910796524	-88.0526959501258	108.64583505809104
data/pwm_format/MA0124.1_NKX3-1_+.pwm	MA0124.1	NKX3-1	+	7	12.72434007872836	-30.31811552626648	43.04245560499484
data/pwm_format/MA0162.2_EGR1_+.pwm	MA0162.2	EGR1	+	14	20.638835360155724	-143.91774551200186	164.55658087215758
data/pwm_format/MA0814.2_TFAP2C(var.2)_+.pwm	MA0814.2	TFAP2C(var.2)	+	14	17.69737448123063	-36.07598691963166	53.773361400862285
data/pwm_format/MA0734.2_GLI2_+.pwm	MA0734.2	GLI2	+	15	23.614275611567148	-113.38962229843729	137.00389791000444
data/pwm_format/MA0616.2_HES2_+.pwm	MA0616.2	HES2	+	10	16.28730414866501	-78.8119848437075	95.09928899237252
data/pwm_format/MA0748.2_YY2_+.pwm	MA0748.2	YY2	+	11	15.871058206031199	-34.83883152391391	50.70988972994511
data/pwm_format/MA1503.1_HOXB9_+.pwm	MA1503.1	HOXB9	+	10	16.57242494390463	-85.95092946385736	102.52335440776199
data/pwm_format/MA0058.1_MAX_+.pwm	MA0058.1	MAX	+	10	14.513097259187342	-35.58740930822168	50.10050656740902
data/pwm_format/MA0508.1_PRDM1_+.pwm	MA0508.1	PRDM1	+	15	22.677510876568856	-93.96337045195556	116.64088132852442
data/pwm_format/MA1105.1_GRHL2_+.pwm	MA1105.1	GRHL2	+	15	19.232446170112713	-38.23220898547633	57.46465515558904
data/pwm_format/MA0058.3_MAX_+.pwm	MA0058.3	MAX	+	10	14.501735719451707	-69.24858804590177	83.75032376535347
data/pwm_format/MA1112.1_NR4A1_+.pwm	MA1112.1	NR4A1	+	10	15.267974963009479	-53.29149980095636	68.55947476396584
data/pwm_format/MA0675.1_NKX6-2_+.pwm	MA0675.1	NKX6-2	+	8	10.921423701443306	-33.49549420327202	44.41691790471532
data/pwm_format/MA0473.2_ELF1_+.pwm	MA0473.2	ELF1	+	12	20.48610603168212	-104.56576496020634	125.05187099188845
data/pwm_format/MA0504.1_NR2C2_+.pwm	MA0504.1	NR2C2	+	15	22.58866936327108	-102.42965826824674	125.01832763151782
data/pwm_format/MA0843.1_TEF_+.pwm	MA0843.1	TEF	+	12	17.939587741645813	-107.76006391310777	125.69965165475358
data/pwm_format/MA1141.1_FOS.JUND_+.pwm	MA1141.1	FOS.JUND	+	13	17.67507188554027	-73.64812826041317	91.32320014595345
data/pwm_format/MA0105.3_NFKB1_+.pwm	MA0105.3	NFKB1	+	11	17.347740780985667	-96.90590178909412	114.25364257007979
data/pwm_format/MA1107.1_KLF9_+.pwm	MA1107.1	KLF9	+	13	19.15221211798979	-43.31011835988485	62.46233047787464
data/pwm_format/MA1568.1_TCF21(var.2)_+.pwm	MA1568.1	TCF21(var.2)	+	12	17.31786061720894	-76.49476255228096	93.8126231694899
data/pwm_format/MA0641.1_ELF4_+.pwm	MA0641.1	ELF4	+	12	20.56929776159512	-76.37239398898927	96.9416917505844
data/pwm_format/MA0689.1_TBX20_+.pwm	MA0689.1	TBX20	+	11	18.323937972371482	-62.18199527295253	80.505933245324
data/pwm_format/MA1498.1_HOXA7_+.pwm	MA1498.1	HOXA7	+	8	11.614748178438969	-60.15392909059572	71.76867726903468
data/pwm_format/MA1514.1_KLF17_+.pwm	MA1514.1	KLF17	+	15	23.297057195967867	-65.4243380397145	88.72139523568237
data/pwm_format/MA0150.1_NFE2L2_+.pwm	MA0150.1	NFE2L2	+	11	17.679219409207207	-43.94994939738854	61.62916880659574
data/pwm_format/MA0766.1_GATA5_+.pwm	MA0766.1	GATA5	+	8	11.42995208602135	-46.942474667852295	58.37242675387365
data/pwm_format/MA0889.1_GBX1_+.pwm	MA0889.1	GBX1	+	10	14.124751852922456	-55.069081032015305	69.19383288493776
data/pwm_format/MA0522.2_TCF3_+.pwm	MA0522.2	TCF3	+	10	13.800510835407795	-77.58056299320356	91.38107382861135
data/pwm_format/MA0052.4_MEF2A_+.pwm	MA0052.4	MEF2A	+	15	20.074658254731506	-43.264628130492255	63.33928638522376
data/pwm_format/MA0683.1_POU4F2_+.pwm	MA0683.1	POU4F2	+	16	27.357924655632768	-88.1185214477616	115.47644610339437
data/pwm_format/MA1122.1_TFDP1_+.pwm	MA1122.1	TFDP1	+	11	15.447056219359753	-35.02793243497946	50.474988654339214
data/pwm_format/MA0042.2_FOXI1_+.pwm	MA0042.2	FOXI1	+	7	13.32004673233688	-67.06494029956703	80.3849870319039
data/pwm_format/MA0769.2_TCF7_+.pwm	MA0769.2	TCF7	+	11	14.73260988687911	-34.6966805290957	49.42929041597481
data/pwm_format/MA0847.2_FOXD2_+.pwm	MA0847.2	FOXD2	+	13	18.49174439605449	-89.0837582987606	107.57550269481509
data/pwm_format/MA1648.1_TCF12(var.2)_+.pwm	MA1648.1	TCF12(var.2)	+	11	14.001368432371228	-28.711812954179184	42.71318138655041
data/pwm_format/MA0095.2_YY1_+.pwm	MA0095.2	YY1	+	12	19.092676556956786	-84.73676420710817	103.82944076406496
data/pwm_format/MA0466.2_CEBPB_+.pwm	MA0466.2	CEBPB	+	10	15.949979585051357	-83.08543761848964	99.03541720354099
data/pwm_format/MA0686.1_SPDEF_+.pwm	MA0686.1	SPDEF	+	11	18.194582390114082	-86.30130437141369	104.49588676152777
data/pwm_format/MA0729.1_RARA_+.pwm	MA0729.1	RARA	+	18	31.800723328815444	-164.005061633147	195.80578496196244
data/pwm_format/MA0784.1_POU1F1_+.pwm	MA0784.1	POU1F1	+	14	21.80258070848591	-56.482253908931646	78.28483461741756
data/pwm_format/MA1569.1_TFAP2E_+.pwm	MA1569.1	TFAP2E	+	11	14.933637032546985	-118.33701261839387	133.27064965094087
data/pwm_format/MA0659.1_MAFG_+.pwm	MA0659.1	MAFG	+	21	27.117313422223795	-65.58664389090785	92.70395731313164
data/pwm_format/MA1641.1_MYF5_+.pwm	MA1641.1	MYF5	+	12	15.629906078158513	-39.95888229664847	55.58878837480698
data/pwm_format/MA0526.2_USF2_+.pwm	MA0526.2	USF2	+	16	19.48650077851886	-55.728949175664525	75.21544995418338
data/pwm_format/MA0670.1_NFIA_+.pwm	MA0670.1	NFIA	+	10	13.521902234860356	-102.78460804786971	116.30651028273007
data/pwm_format/MA0856.1_RXRG_+.pwm	MA0856.1	RXRG	+	14	25.63554770123176	-144.41583877950444	170.0513864807362
data/pwm_format/MA1518.1_LHX1_+.pwm	MA1518.1	LHX1	+	8	10.204468237183994	-31.813545964722707	42.0180142019067
data/pwm_format/MA1125.1_ZNF384_+.pwm	MA1125.1	ZNF384	+	12	16.92785987649712	-66.48274427987094	83.41060415636807
data/pwm_format/MA0465.1_CDX2_+.pwm	MA0465.1	CDX2	+	11	16.674537314751916	-96.14619698189847	112.82073429665039
data/pwm_format/MA0093.1_USF1_+.pwm	MA0093.1	USF1	+	7	12.466382816293223	-33.408074166227	45.87445698252023
data/pwm_format/MA0833.2_ATF4_+.pwm	MA0833.2	ATF4	+	14	20.056589384108527	-57.96969304889255	78.02628243300109
data/pwm_format/MA0148.3_FOXA1_+.pwm	MA0148.3	FOXA1	+	15	18.757309106526563	-136.05480433213992	154.81211343866647
data/pwm_format/MA1646.1_OSR2_+.pwm	MA1646.1	OSR2	+	12	15.161907714233687	-28.525202875519483	43.68711058975317
data/pwm_format/MA1637.1_EBF3_+.pwm	MA1637.1	EBF3	+	13	17.81622960157458	-35.8780222917211	53.694251893295686
data/pwm_format/MA0083.2_SRF_+.pwm	MA0083.2	SRF	+	18	23.66193066586704	-98.52252049327313	122.18445115914017
data/pwm_format/MA0083.3_SRF_+.pwm	MA0083.3	SRF	+	16	26.365967846441876	-106.22270102066891	132.58866886711078
data/pwm_format/MA1596.1_ZNF460_+.pwm	MA1596.1	ZNF460	+	16	27.205827692094083	-72.39908094661823	99.60490863871232
data/pwm_format/MA0866.1_SOX21_+.pwm	MA0866.1	SOX21	+	15	26.37190624725007	-119.75667451195946	146.12858075920954
data/pwm_format/MA0823.1_HEY1_+.pwm	MA0823.1	HEY1	+	10	15.957971328858903	-63.46233533786883	79.42030666672773
data/pwm_format/MA0844.1_XBP1_+.pwm	MA0844.1	XBP1	+	14	21.097808500953555	-75.83340968927727	96.93121819023082
data/pwm_format/MA1146.1_NR1H4.RXRA_+.pwm	MA1146.1	NR1H4.RXRA	+	15	21.872830066005676	-48.55379434362665	70.42662440963232
data/pwm_format/MA1549.1_POU6F1(var.2)_+.pwm	MA1549.1	POU6F1(var.2)	+	10	14.459178217079687	-70.15463365508566	84.61381187216534
data/pwm_format/MA0714.1_PITX3_+.pwm	MA0714.1	PITX3	+	9	12.854724673851592	-39.11258976585901	51.967314439710606
data/pwm_format/MA0511.2_RUNX2_+.pwm	MA0511.2	RUNX2	+	9	15.029421771639672	-67.10011548127711	82.12953725291679
data/pwm_format/MA1124.1_ZNF24_+.pwm	MA1124.1	ZNF24	+	13	23.48466912728409	-51.16885326218611	74.6535223894702
data/pwm_format/MA0033.1_FOXL1_+.pwm	MA0033.1	FOXL1	+	8	9.645866398990094	-22.195284749830506	31.8411511488206
data/pwm_format/MA0466.1_CEBPB_+.pwm	MA0466.1	CEBPB	+	11	17.210306189523426	-155.81204790152978	173.02235409105322
data/pwm_format/MA1573.1_THAP11_+.pwm	MA1573.1	THAP11	+	19	29.342046618364343	-82.05613013671734	111.39817675508169
data/pwm_format/MA0812.1_TFAP2B(var.2)_+.pwm	MA0812.1	TFAP2B(var.2)	+	11	16.62126654913214	-72.82730692026618	89.44857346939833
data/pwm_format/MA1495.1_HOXA1_+.pwm	MA1495.1	HOXA1	+	8	11.473070611774542	-82.03615873695476	93.5092293487293
data/pwm_format/MA0497.1_MEF2C_+.pwm	MA0497.1	MEF2C	+	15	20.063329000640937	-90.82294727314465	110.88627627378558
data/pwm_format/MA0871.1_TFEC_+.pwm	MA0871.1	TFEC	+	10	14.614056195151116	-51.131341430564035	65.74539762571516
data/pwm_format/MA0837.1_CEBPE_+.pwm	MA0837.1	CEBPE	+	10	15.543254897506616	-65.17707242513715	80.72032732264377
data/pwm_format/MA0495.2_MAFF_+.pwm	MA0495.2	MAFF	+	21	28.881174877759612	-50.71165334608676	79.59282822384637
data/pwm_format/MA0114.4_HNF4A_+.pwm	MA0114.4	HNF4A	+	13	17.758540630961363	-33.172634714840804	50.93117534580217
data/pwm_format/MA1130.1_FOSL2.JUN_+.pwm	MA1130.1	FOSL2.JUN	+	12	16.41457389510718	-58.15766369855985	74.57223759366703
data/pwm_format/MA0657.1_KLF13_+.pwm	MA0657.1	KLF13	+	18	28.253653937174935	-120.92128166207809	149.17493559925302
data/pwm_format/MA1597.1_ZNF528_+.pwm	MA1597.1	ZNF528	+	17	29.519387285641088	-76.19283619259028	105.71222347823137
data/pwm_format/MA0141.3_ESRRB_+.pwm	MA0141.3	ESRRB	+	11	18.98227834606207	-78.9131737376552	97.89545208371727
data/pwm_format/MA0600.1_RFX2_+.pwm	MA0600.1	RFX2	+	19	25.157682006237618	-94.26606138240365	119.42374338864127
data/pwm_format/MA0079.4_SP1_+.pwm	MA0079.4	SP1	+	15	23.0081379650124	-158.19874398509637	181.20688195010877
data/pwm_format/MA0671.1_NFIX_+.pwm	MA0671.1	NFIX	+	9	10.843237974853915	-44.644745282846245	55.48798325770016
